year,month,area,uf,classname,numpol
2019,8,5.2,PA,MINERACAO,58
2015,8,1.96,AM,MINERACAO,15
2015,8,0.2,MT,MINERACAO,2
2015,8,11.86,PA,MINERACAO,101
2015,9,0.11,AM,MINERACAO,1
2015,9,0.27,MT,MINERACAO,3
2015,9,2.82,PA,MINERACAO,32
2015,10,0.29,PA,MINERACAO,4
2015,11,0.35,PA,MINERACAO,5
2015,3,0.07,MT,MINERACAO,1
2015,3,1.81,PA,MINERACAO,16
2015,4,7.37,PA,MINERACAO,60
2015,5,0.4,MT,MINERACAO,2
2015,5,3.61,PA,MINERACAO,31
2015,6,0.16,AM,MINERACAO,2
2015,6,0.96,MT,MINERACAO,8
2015,6,10.87,PA,MINERACAO,92
2015,7,5.25,PA,MINERACAO,41
2016,8,0.11,AM,MINERACAO,1
2016,8,0.66,MT,MINERACAO,3
2016,8,1.51,PA,MINERACAO,12
2016,9,0.17,AM,MINERACAO,2
2016,9,0.68,MT,MINERACAO,2
2016,9,2.12,PA,MINERACAO,23
2025,9,1.67,PA,MINERACAO,19
2016,10,0.1,AM,MINERACAO,1
2016,10,0.94,MT,MINERACAO,9
2016,10,7.83,PA,MINERACAO,64
2016,11,0.51,MT,MINERACAO,4
2016,11,1.11,PA,MINERACAO,12
2016,2,0.14,MT,MINERACAO,1
2025,9,0.19,MT,MINERACAO,3
2016,3,0.39,MT,MINERACAO,3
2016,4,0.4,MT,MINERACAO,2
2016,4,1.16,PA,MINERACAO,8
2016,5,0.23,AM,MINERACAO,2
2016,5,0.6,MT,MINERACAO,7
2016,5,14.48,PA,MINERACAO,113
2016,6,0.12,AM,MINERACAO,1
2016,6,1.09,MT,MINERACAO,10
2016,6,18.21,PA,MINERACAO,160
2016,7,0.16,MT,MINERACAO,2
2016,7,1.97,PA,MINERACAO,19
2025,9,0.44,AM,MINERACAO,4
2017,8,0.07,MT,MINERACAO,1
2017,8,1.24,PA,MINERACAO,14
2017,9,0.12,MT,MINERACAO,1
2017,9,1.81,PA,MINERACAO,16
2017,10,0.07,AM,MINERACAO,1
2017,10,2.54,PA,MINERACAO,24
2017,11,0.2,AM,MINERACAO,2
2017,11,3.37,PA,MINERACAO,36
2017,12,0.07,AM,MINERACAO,1
2017,12,0.66,MT,MINERACAO,8
2017,12,2.88,PA,MINERACAO,28
2017,1,0.17,AM,MINERACAO,1
2017,1,0.29,MT,MINERACAO,3
2017,1,5.2,PA,MINERACAO,50
2017,2,0.18,AM,MINERACAO,2
2017,2,0.25,PA,MINERACAO,2
2017,3,0.22,MT,MINERACAO,2
2017,3,4.16,PA,MINERACAO,41
2025,8,4.12,PA,MINERACAO,52
2017,4,0.09,AM,MINERACAO,1
2017,4,1.13,MT,MINERACAO,10
2017,4,8.51,PA,MINERACAO,84
2017,5,1.0,AM,MINERACAO,8
2017,5,0.78,MT,MINERACAO,10
2017,5,17.39,PA,MINERACAO,180
2025,8,0.92,MT,MINERACAO,11
2017,6,0.65,AM,MINERACAO,7
2017,6,2.67,MT,MINERACAO,28
2017,6,10.78,PA,MINERACAO,123
2017,7,0.08,AM,MINERACAO,1
2017,7,0.33,MT,MINERACAO,3
2017,7,8.99,PA,MINERACAO,88
2025,8,0.74,AM,MINERACAO,8
2018,8,0.24,MT,MINERACAO,4
2018,8,8.85,PA,MINERACAO,108
2018,9,2.04,AM,MINERACAO,18
2018,9,0.31,MT,MINERACAO,5
2018,9,2.63,PA,MINERACAO,33
2018,10,0.16,MT,MINERACAO,3
2018,10,6.52,PA,MINERACAO,68
2018,11,0.22,PA,MINERACAO,2
2018,12,0.1,MT,MINERACAO,1
2018,12,0.14,PA,MINERACAO,3
2018,1,0.06,MT,MINERACAO,1
2018,1,0.54,PA,MINERACAO,6
2018,2,0.08,AM,MINERACAO,1
2018,2,0.21,MT,MINERACAO,1
2018,2,3.66,PA,MINERACAO,42
2018,3,0.26,MT,MINERACAO,3
2018,3,1.24,PA,MINERACAO,16
2024,7,4.77,PA,MINERACAO,62
2018,4,0.42,AM,MINERACAO,6
2018,4,0.65,MT,MINERACAO,5
2018,4,2.45,PA,MINERACAO,29
2018,5,0.17,AM,MINERACAO,2
2018,5,1.51,MT,MINERACAO,18
2024,7,1.74,MT,MINERACAO,22
2018,5,32.62,PA,MINERACAO,325
2018,6,0.62,AM,MINERACAO,6
2018,6,2.15,MT,MINERACAO,25
2018,6,9.72,PA,MINERACAO,96
2018,7,2.12,AM,MINERACAO,13
2018,7,1.69,MT,MINERACAO,20
2018,7,20.08,PA,MINERACAO,200
2019,8,0.0,AM,MINERACAO,1
2024,7,2.2,AM,MINERACAO,23
2019,8,1.01,MT,MINERACAO,8
2019,9,0.26,AM,MINERACAO,3
2019,9,3.41,PA,MINERACAO,36
2019,10,0.07,AM,MINERACAO,1
2019,10,0.14,MT,MINERACAO,1
2019,10,2.66,PA,MINERACAO,36
2019,11,0.11,AM,MINERACAO,1
2019,11,6.96,PA,MINERACAO,68
2019,12,0.48,MT,MINERACAO,9
2019,12,1.36,PA,MINERACAO,17
2019,1,0.14,MT,MINERACAO,1
2019,1,4.84,PA,MINERACAO,49
2024,6,3.48,PA,MINERACAO,43
2019,2,0.12,AM,MINERACAO,3
2019,2,0.52,MT,MINERACAO,4
2019,2,2.73,PA,MINERACAO,30
2024,6,0.88,MT,MINERACAO,11
2019,3,1.06,AM,MINERACAO,11
2019,3,2.56,PA,MINERACAO,31
2019,4,0.07,AM,MINERACAO,1
2019,4,1.13,MT,MINERACAO,12
2019,4,4.19,PA,MINERACAO,47
2019,5,1.14,AM,MINERACAO,10
2019,5,0.27,MT,MINERACAO,4
2019,5,5.89,PA,MINERACAO,66
2024,6,0.35,AM,MINERACAO,4
2019,6,1.19,AM,MINERACAO,13
2019,6,0.91,MT,MINERACAO,11
2019,6,19.41,PA,MINERACAO,204
2019,7,0.38,AM,MINERACAO,5
2019,7,1.4,MT,MINERACAO,18
2019,7,21.53,PA,MINERACAO,251
2020,8,1.36,AM,MINERACAO,13
2020,8,1.27,MT,MINERACAO,14
2020,8,12.8,PA,MINERACAO,155
2020,9,1.76,AM,MINERACAO,16
2024,5,6.37,PA,MINERACAO,72
2020,9,0.24,MT,MINERACAO,3
2020,9,4.46,PA,MINERACAO,59
2020,10,0.3,AM,MINERACAO,4
2024,5,5.01,MT,MINERACAO,48
2020,10,1.07,MT,MINERACAO,6
2020,10,1.12,PA,MINERACAO,19
2020,11,0.07,AM,MINERACAO,1
2020,11,0.14,MT,MINERACAO,3
2020,11,0.26,PA,MINERACAO,4
2020,12,0.13,AM,MINERACAO,1
2020,12,2.37,PA,MINERACAO,28
2024,5,1.24,AM,MINERACAO,13
2020,1,0.29,PA,MINERACAO,3
2020,2,0.38,AM,MINERACAO,4
2020,2,1.83,PA,MINERACAO,8
2020,3,0.12,MT,MINERACAO,2
2020,3,6.05,PA,MINERACAO,65
2020,4,0.94,AM,MINERACAO,9
2020,4,0.31,MT,MINERACAO,3
2020,4,8.32,PA,MINERACAO,91
2020,5,0.92,AM,MINERACAO,11
2020,5,2.89,MT,MINERACAO,27
2020,5,33.39,PA,MINERACAO,344
2020,6,0.59,AM,MINERACAO,6
2024,4,1.49,PA,MINERACAO,14
2020,6,1.32,MT,MINERACAO,14
2020,6,21.68,PA,MINERACAO,245
2024,4,0.16,MT,MINERACAO,2
2020,7,1.11,AM,MINERACAO,14
2020,7,1.55,MT,MINERACAO,19
2020,7,13.05,PA,MINERACAO,156
2021,8,4.14,AM,MINERACAO,41
2021,8,0.16,MT,MINERACAO,1
2021,8,2.64,PA,MINERACAO,39
2024,4,0.83,AM,MINERACAO,7
2021,9,2.16,AM,MINERACAO,14
2021,9,0.18,MT,MINERACAO,2
2021,9,3.5,PA,MINERACAO,42
2021,10,2.63,AM,MINERACAO,23
2021,10,5.69,PA,MINERACAO,68
2021,11,0.54,PA,MINERACAO,7
2021,12,0.18,AM,MINERACAO,2
2021,12,0.89,PA,MINERACAO,7
2021,1,0.34,AM,MINERACAO,3
2021,1,3.07,PA,MINERACAO,34
2024,3,2.88,PA,MINERACAO,30
2021,2,2.47,PA,MINERACAO,27
2021,3,0.3,MT,MINERACAO,5
2021,3,2.17,PA,MINERACAO,17
2021,4,0.42,AM,MINERACAO,7
2021,4,0.46,MT,MINERACAO,5
2024,3,0.45,MT,MINERACAO,5
2021,4,7.72,PA,MINERACAO,80
2021,5,0.4,AM,MINERACAO,5
2021,5,0.07,MT,MINERACAO,1
2024,10,0.17,AM,MINERACAO,2
2024,3,0.1,AM,MINERACAO,1
2021,6,3.99,AM,MINERACAO,22
2021,6,0.06,MT,MINERACAO,1
2021,6,6.99,PA,MINERACAO,77
2021,7,1.91,AM,MINERACAO,18
2021,7,0.45,MT,MINERACAO,5
2021,7,8.65,PA,MINERACAO,92
2022,8,1.24,AM,MINERACAO,13
2022,8,4.09,PA,MINERACAO,46
2022,9,1.26,PA,MINERACAO,16
2022,10,0.14,AM,MINERACAO,2
2022,10,1.23,PA,MINERACAO,13
2022,11,0.35,AM,MINERACAO,4
2022,11,0.27,MT,MINERACAO,1
2022,11,2.38,PA,MINERACAO,30
2022,12,0.63,AM,MINERACAO,7
2022,12,0.44,PA,MINERACAO,4
2022,1,0.22,AM,MINERACAO,2
2022,1,1.53,PA,MINERACAO,13
2022,2,0.4,AM,MINERACAO,6
2024,1,0.54,PA,MINERACAO,6
2022,2,8.49,PA,MINERACAO,76
2022,3,2.18,AM,MINERACAO,15
2024,1,1.11,MT,MINERACAO,6
2022,3,0.41,MT,MINERACAO,6
2022,3,5.19,PA,MINERACAO,57
2022,4,0.96,AM,MINERACAO,8
2022,4,0.79,MT,MINERACAO,7
2022,4,4.01,PA,MINERACAO,41
2022,5,0.52,AM,MINERACAO,7
2024,1,1.12,AM,MINERACAO,7
2022,5,0.61,MT,MINERACAO,9
2022,5,9.02,PA,MINERACAO,93
2022,6,3.04,AM,MINERACAO,31
2022,6,0.95,MT,MINERACAO,13
2022,6,15.24,PA,MINERACAO,174
2022,7,5.03,AM,MINERACAO,39
2022,7,0.58,MT,MINERACAO,6
2022,7,4.23,PA,MINERACAO,57
2023,8,3.45,AM,MINERACAO,27
2024,12,0.14,PA,MINERACAO,2
2023,8,0.54,MT,MINERACAO,6
2023,8,1.28,PA,MINERACAO,14
2023,9,10.91,AM,MINERACAO,81
2023,9,0.32,MT,MINERACAO,5
2023,9,2.36,PA,MINERACAO,25
2023,10,1.33,AM,MINERACAO,10
2023,10,0.1,MT,MINERACAO,1
2024,12,0.16,AM,MINERACAO,2
2023,10,2.98,PA,MINERACAO,24
2023,11,0.27,AM,MINERACAO,3
2023,11,0.06,MT,MINERACAO,1
2023,11,0.14,PA,MINERACAO,2
2023,12,0.31,AM,MINERACAO,3
2023,12,0.78,MT,MINERACAO,6
2023,12,0.8,PA,MINERACAO,10
2023,1,0.64,AM,MINERACAO,6
2023,1,0.25,PA,MINERACAO,3
2024,11,0.54,PA,MINERACAO,7
2023,2,0.33,AM,MINERACAO,3
2023,2,0.78,MT,MINERACAO,10
2023,2,1.81,PA,MINERACAO,20
2023,3,0.44,MT,MINERACAO,6
2023,3,1.08,PA,MINERACAO,14
2023,4,0.11,AM,MINERACAO,1
2023,4,2.4,MT,MINERACAO,24
2023,4,1.95,PA,MINERACAO,21
2023,5,1.28,AM,MINERACAO,13
2024,11,0.1,AM,MINERACAO,1
2023,5,2.17,MT,MINERACAO,29
2023,5,11.25,PA,MINERACAO,125
2023,6,0.14,AC,MINERACAO,1
2023,6,3.71,AM,MINERACAO,31
2023,6,1.18,MT,MINERACAO,14
2023,6,11.88,PA,MINERACAO,138
2023,7,2.41,AM,MINERACAO,25
2023,7,0.57,MT,MINERACAO,8
2023,7,7.76,PA,MINERACAO,112
2024,8,0.7,AM,MINERACAO,7
2024,8,0.53,MT,MINERACAO,6
2024,10,0.96,PA,MINERACAO,10
2024,8,1.08,PA,MINERACAO,14
2024,9,0.33,AM,MINERACAO,4
2024,9,0.59,MT,MINERACAO,5
2024,10,0.19,MT,MINERACAO,1
2024,9,1.05,PA,MINERACAO,16
2021,5,8.48,PA,MINERACAO,104
2018,4,2.37,AC,DESMATAMENTO_VEG,22
2015,11,1.08,PA,DESMATAMENTO_VEG,5
2017,7,6.26,AM,DESMATAMENTO_VEG,55
2015,6,4.84,AM,DESMATAMENTO_VEG,34
2017,7,1.25,MT,DESMATAMENTO_VEG,2
2017,7,8.31,PA,DESMATAMENTO_VEG,53
2015,6,5.4,MT,DESMATAMENTO_VEG,28
2018,8,2.76,AC,DESMATAMENTO_VEG,30
2018,8,4.64,AM,DESMATAMENTO_VEG,52
2015,6,132.51,PA,DESMATAMENTO_VEG,356
2018,8,2.44,MT,DESMATAMENTO_VEG,18
2025,8,0.74,AM,DESMATAMENTO_VEG,5
2018,8,4.52,PA,DESMATAMENTO_VEG,48
2018,9,1.22,AC,DESMATAMENTO_VEG,13
2018,9,6.18,AM,DESMATAMENTO_VEG,65
2018,9,1.32,MT,DESMATAMENTO_VEG,5
2018,9,1.42,PA,DESMATAMENTO_VEG,17
2015,10,0.94,AC,DESMATAMENTO_VEG,9
2024,9,0.31,PA,DESMATAMENTO_VEG,1
2017,6,37.16,PA,DESMATAMENTO_VEG,177
2018,10,0.84,AC,DESMATAMENTO_VEG,10
2018,10,2.73,AM,DESMATAMENTO_VEG,31
2024,9,0.28,MT,DESMATAMENTO_VEG,1
2018,10,1.59,MT,DESMATAMENTO_VEG,5
2025,8,0.57,AC,DESMATAMENTO_VEG,5
2018,10,5.89,PA,DESMATAMENTO_VEG,20
2015,8,7.73,MT,DESMATAMENTO_VEG,15
2015,7,1.21,AM,DESMATAMENTO_VEG,8
2015,6,0.33,AC,DESMATAMENTO_VEG,3
2015,10,1.15,AM,DESMATAMENTO_VEG,6
2017,6,3.43,MT,DESMATAMENTO_VEG,24
2018,11,2.24,AM,DESMATAMENTO_VEG,12
2018,11,2.05,MT,DESMATAMENTO_VEG,3
2018,11,0.36,PA,DESMATAMENTO_VEG,4
2018,12,2.48,MT,DESMATAMENTO_VEG,1
2018,12,0.14,PA,DESMATAMENTO_VEG,2
2018,1,0.11,AC,DESMATAMENTO_VEG,1
2018,1,3.48,AM,DESMATAMENTO_VEG,34
2015,7,0.59,MT,DESMATAMENTO_VEG,5
2018,1,0.21,MT,DESMATAMENTO_VEG,2
2018,1,0.76,PA,DESMATAMENTO_VEG,5
2018,2,0.41,AC,DESMATAMENTO_VEG,4
2018,2,2.58,AM,DESMATAMENTO_VEG,26
2018,2,5.11,MT,DESMATAMENTO_VEG,31
2024,8,0.72,PA,DESMATAMENTO_VEG,5
2018,2,3.77,PA,DESMATAMENTO_VEG,24
2015,7,9.89,PA,DESMATAMENTO_VEG,59
2018,3,0.25,AC,DESMATAMENTO_VEG,3
2018,3,3.69,AM,DESMATAMENTO_VEG,30
2015,10,0.44,MT,DESMATAMENTO_VEG,5
2018,3,3.37,MT,DESMATAMENTO_VEG,8
2018,3,6.3,PA,DESMATAMENTO_VEG,16
2017,6,7.66,AM,DESMATAMENTO_VEG,62
2015,8,23.31,PA,DESMATAMENTO_VEG,127
2018,4,4.85,AM,DESMATAMENTO_VEG,29
2024,7,26.12,PA,DESMATAMENTO_VEG,63
2018,4,1.4,MT,DESMATAMENTO_VEG,10
2017,6,11.94,AC,DESMATAMENTO_VEG,55
2015,10,0.55,PA,DESMATAMENTO_VEG,5
2024,8,0.07,AM,DESMATAMENTO_VEG,1
2018,4,4.48,PA,DESMATAMENTO_VEG,35
2016,8,0.09,AC,DESMATAMENTO_VEG,1
2018,5,1.68,AC,DESMATAMENTO_VEG,15
2018,5,11.99,AM,DESMATAMENTO_VEG,61
2015,8,3.28,AM,DESMATAMENTO_VEG,32
2018,5,18.78,MT,DESMATAMENTO_VEG,44
2016,8,0.72,AM,DESMATAMENTO_VEG,5
2018,5,41.49,PA,DESMATAMENTO_VEG,129
2024,7,10.18,MT,DESMATAMENTO_VEG,22
2018,6,1.04,AC,DESMATAMENTO_VEG,9
2018,6,6.67,AM,DESMATAMENTO_VEG,52
2018,6,9.82,MT,DESMATAMENTO_VEG,33
2018,6,36.13,PA,DESMATAMENTO_VEG,141
2023,7,20.46,PA,DESMATAMENTO_VEG,120
2018,7,5.59,AC,DESMATAMENTO_VEG,51
2018,7,18.49,AM,DESMATAMENTO_VEG,116
2025,8,1.44,MT,DESMATAMENTO_VEG,2
2016,8,0.14,MT,DESMATAMENTO_VEG,1
2023,7,0.56,MT,DESMATAMENTO_VEG,3
2018,7,5.93,MT,DESMATAMENTO_VEG,15
2018,7,182.75,PA,DESMATAMENTO_VEG,832
2016,8,11.15,PA,DESMATAMENTO_VEG,56
2019,8,1.57,AC,DESMATAMENTO_VEG,15
2019,8,7.56,AM,DESMATAMENTO_VEG,70
2017,5,39.51,PA,DESMATAMENTO_VEG,93
2023,7,2.65,AM,DESMATAMENTO_VEG,27
2019,8,0.48,MT,DESMATAMENTO_VEG,2
2024,7,5.61,AM,DESMATAMENTO_VEG,21
2019,8,14.1,PA,DESMATAMENTO_VEG,66
2023,7,3.83,AC,DESMATAMENTO_VEG,39
2015,11,1.96,AC,DESMATAMENTO_VEG,20
2019,9,0.65,MT,DESMATAMENTO_VEG,2
2016,9,0.35,AM,DESMATAMENTO_VEG,4
2019,9,2.76,PA,DESMATAMENTO_VEG,19
2015,11,0.46,AM,DESMATAMENTO_VEG,4
2024,7,1.01,AC,DESMATAMENTO_VEG,9
2017,5,3.17,MT,DESMATAMENTO_VEG,8
2019,10,2.32,PA,DESMATAMENTO_VEG,7
2023,6,22.76,PA,DESMATAMENTO_VEG,66
2019,11,1.96,AC,DESMATAMENTO_VEG,7
2019,11,1.93,AM,DESMATAMENTO_VEG,9
2016,9,0.89,PA,DESMATAMENTO_VEG,7
2015,11,3.4,MT,DESMATAMENTO_VEG,13
2019,11,1.06,MT,DESMATAMENTO_VEG,8
2023,6,3.9,MT,DESMATAMENTO_VEG,6
2019,11,1.42,PA,DESMATAMENTO_VEG,11
2015,5,28.02,PA,DESMATAMENTO_VEG,83
2019,12,1.47,AM,DESMATAMENTO_VEG,5
2015,4,35.38,PA,DESMATAMENTO_VEG,28
2019,12,0.41,MT,DESMATAMENTO_VEG,3
2019,12,1.52,PA,DESMATAMENTO_VEG,11
2016,10,0.07,AC,DESMATAMENTO_VEG,1
2023,6,5.96,AM,DESMATAMENTO_VEG,40
2019,1,1.87,AC,DESMATAMENTO_VEG,19
2019,1,2.91,AM,DESMATAMENTO_VEG,24
2016,10,0.18,AM,DESMATAMENTO_VEG,1
2017,5,4.72,AM,DESMATAMENTO_VEG,21
2019,1,3.87,MT,DESMATAMENTO_VEG,15
2025,9,9.04,PA,DESMATAMENTO_VEG,30
2023,6,4.17,AC,DESMATAMENTO_VEG,34
2019,1,3.59,PA,DESMATAMENTO_VEG,26
2019,2,1.3,AM,DESMATAMENTO_VEG,8
2024,6,33.14,PA,DESMATAMENTO_VEG,57
2017,5,1.23,AC,DESMATAMENTO_VEG,9
2019,2,0.26,PA,DESMATAMENTO_VEG,3
2019,3,4.59,AC,DESMATAMENTO_VEG,56
2019,3,0.48,AM,DESMATAMENTO_VEG,3
2024,6,105.51,MT,DESMATAMENTO_VEG,56
2023,5,17.75,PA,DESMATAMENTO_VEG,77
2019,3,0.2,PA,DESMATAMENTO_VEG,2
2019,4,1.23,AC,DESMATAMENTO_VEG,14
2019,4,0.12,AM,DESMATAMENTO_VEG,1
2024,11,0.1,AM,DESMATAMENTO_VEG,1
2023,5,70.9,MT,DESMATAMENTO_VEG,99
2016,10,0.63,PA,DESMATAMENTO_VEG,5
2019,4,1.1,MT,DESMATAMENTO_VEG,3
2019,4,5.31,PA,DESMATAMENTO_VEG,12
2015,12,2.01,AC,DESMATAMENTO_VEG,21
2019,5,1.49,AC,DESMATAMENTO_VEG,19
2019,5,1.93,AM,DESMATAMENTO_VEG,8
2019,5,6.12,MT,DESMATAMENTO_VEG,14
2023,5,8.73,AM,DESMATAMENTO_VEG,52
2019,5,11.58,PA,DESMATAMENTO_VEG,48
2023,5,1.92,AC,DESMATAMENTO_VEG,20
2024,6,5.31,AM,DESMATAMENTO_VEG,24
2019,6,4.78,AC,DESMATAMENTO_VEG,46
2019,6,5.11,AM,DESMATAMENTO_VEG,45
2019,6,1.09,MT,DESMATAMENTO_VEG,7
2019,6,81.96,PA,DESMATAMENTO_VEG,533
2024,6,3.46,AC,DESMATAMENTO_VEG,19
2019,7,5.47,AC,DESMATAMENTO_VEG,52
2019,7,7.94,AM,DESMATAMENTO_VEG,42
2023,4,0.9,PA,DESMATAMENTO_VEG,8
2017,4,17.1,PA,DESMATAMENTO_VEG,45
2019,7,5.54,MT,DESMATAMENTO_VEG,17
2016,11,0.33,MT,DESMATAMENTO_VEG,2
2023,4,1.27,MT,DESMATAMENTO_VEG,10
2019,7,35.26,PA,DESMATAMENTO_VEG,251
2015,12,14.68,MT,DESMATAMENTO_VEG,9
2015,5,11.44,MT,DESMATAMENTO_VEG,20
2017,4,12.15,MT,DESMATAMENTO_VEG,33
2020,8,1.42,AC,DESMATAMENTO_VEG,18
2020,8,1.63,AM,DESMATAMENTO_VEG,12
2015,12,2.67,PA,DESMATAMENTO_VEG,9
2023,4,0.79,AM,DESMATAMENTO_VEG,3
2017,7,2.49,AC,DESMATAMENTO_VEG,18
2023,4,0.48,AC,DESMATAMENTO_VEG,6
2020,8,1.21,MT,DESMATAMENTO_VEG,3
2020,8,1.85,PA,DESMATAMENTO_VEG,15
2020,9,0.14,AC,DESMATAMENTO_VEG,1
2024,5,5.67,PA,DESMATAMENTO_VEG,25
2020,9,1.37,PA,DESMATAMENTO_VEG,6
2023,3,1.6,PA,DESMATAMENTO_VEG,9
2015,1,5.03,AC,DESMATAMENTO_VEG,51
2020,11,1.3,PA,DESMATAMENTO_VEG,3
2016,3,0.21,MT,DESMATAMENTO_VEG,1
2023,3,2.99,MT,DESMATAMENTO_VEG,15
2025,9,0.12,MT,DESMATAMENTO_VEG,1
2020,12,0.14,AM,DESMATAMENTO_VEG,1
2020,12,0.76,PA,DESMATAMENTO_VEG,2
2024,5,2.38,AM,DESMATAMENTO_VEG,19
2023,3,3.77,AM,DESMATAMENTO_VEG,37
2016,4,1.64,MT,DESMATAMENTO_VEG,7
2016,4,1.75,PA,DESMATAMENTO_VEG,4
2025,8,3.75,PA,DESMATAMENTO_VEG,24
2017,4,8.01,AM,DESMATAMENTO_VEG,30
2023,3,1.93,AC,DESMATAMENTO_VEG,20
2024,5,1.87,AC,DESMATAMENTO_VEG,10
2020,4,0.08,MT,DESMATAMENTO_VEG,1
2016,5,2.18,AM,DESMATAMENTO_VEG,3
2020,4,8.62,PA,DESMATAMENTO_VEG,12
2015,1,1.75,AM,DESMATAMENTO_VEG,18
2020,5,2.87,AC,DESMATAMENTO_VEG,28
2020,5,3.86,AM,DESMATAMENTO_VEG,26
2015,9,1.68,PA,DESMATAMENTO_VEG,12
2023,2,1.05,PA,DESMATAMENTO_VEG,10
2020,5,6.71,MT,DESMATAMENTO_VEG,16
2017,4,5.64,AC,DESMATAMENTO_VEG,56
2020,5,33.1,PA,DESMATAMENTO_VEG,145
2016,5,2.64,MT,DESMATAMENTO_VEG,7
2023,2,0.78,MT,DESMATAMENTO_VEG,6
2020,6,2.43,AC,DESMATAMENTO_VEG,23
2020,6,5.47,AM,DESMATAMENTO_VEG,39
2016,5,2.15,PA,DESMATAMENTO_VEG,9
2024,4,0.84,PA,DESMATAMENTO_VEG,7
2020,6,4.0,MT,DESMATAMENTO_VEG,14
2020,6,14.28,PA,DESMATAMENTO_VEG,54
2024,4,0.34,MT,DESMATAMENTO_VEG,1
2024,11,0.38,PA,DESMATAMENTO_VEG,1
2023,2,3.99,AM,DESMATAMENTO_VEG,45
2020,7,1.83,AC,DESMATAMENTO_VEG,15
2016,6,0.06,AC,DESMATAMENTO_VEG,1
2020,7,1.79,AM,DESMATAMENTO_VEG,14
2015,1,0.18,MT,DESMATAMENTO_VEG,2
2020,7,0.98,MT,DESMATAMENTO_VEG,3
2016,6,4.98,AM,DESMATAMENTO_VEG,21
2017,1,21.04,MT,DESMATAMENTO_VEG,5
2020,7,7.92,PA,DESMATAMENTO_VEG,37
2015,9,0.07,AC,DESMATAMENTO_VEG,1
2021,8,0.21,AC,DESMATAMENTO_VEG,2
2016,6,2.13,MT,DESMATAMENTO_VEG,7
2023,1,0.77,PA,DESMATAMENTO_VEG,2
2021,8,3.59,PA,DESMATAMENTO_VEG,12
2016,6,62.68,PA,DESMATAMENTO_VEG,186
2021,9,0.16,AM,DESMATAMENTO_VEG,2
2024,4,2.51,AM,DESMATAMENTO_VEG,8
2021,9,0.43,PA,DESMATAMENTO_VEG,4
2015,5,1.93,AM,DESMATAMENTO_VEG,15
2024,4,0.57,AC,DESMATAMENTO_VEG,5
2017,3,8.18,PA,DESMATAMENTO_VEG,55
2016,7,1.41,AM,DESMATAMENTO_VEG,7
2023,1,6.3,AM,DESMATAMENTO_VEG,70
2021,10,0.45,AM,DESMATAMENTO_VEG,1
2021,10,4.76,PA,DESMATAMENTO_VEG,10
2016,7,2.56,MT,DESMATAMENTO_VEG,13
2021,11,0.35,AC,DESMATAMENTO_VEG,1
2021,11,1.02,PA,DESMATAMENTO_VEG,2
2016,7,36.6,PA,DESMATAMENTO_VEG,114
2015,2,0.47,AC,DESMATAMENTO_VEG,5
2025,9,1.21,AM,DESMATAMENTO_VEG,5
2015,2,0.82,AM,DESMATAMENTO_VEG,5
2021,2,0.46,PA,DESMATAMENTO_VEG,2
2023,12,0.2,PA,DESMATAMENTO_VEG,1
2024,3,0.66,PA,DESMATAMENTO_VEG,3
2021,3,0.23,MT,DESMATAMENTO_VEG,2
2021,3,0.17,PA,DESMATAMENTO_VEG,1
2017,3,9.95,MT,DESMATAMENTO_VEG,20
2021,4,0.63,MT,DESMATAMENTO_VEG,5
2017,8,0.81,PA,DESMATAMENTO_VEG,3
2021,4,4.04,PA,DESMATAMENTO_VEG,14
2021,5,0.35,AC,DESMATAMENTO_VEG,2
2021,5,0.88,AM,DESMATAMENTO_VEG,3
2021,5,4.68,PA,DESMATAMENTO_VEG,8
2021,6,0.53,AC,DESMATAMENTO_VEG,2
2021,6,1.18,AM,DESMATAMENTO_VEG,12
2015,5,0.57,AC,DESMATAMENTO_VEG,7
2015,2,18.74,MT,DESMATAMENTO_VEG,16
2015,9,0.82,AM,DESMATAMENTO_VEG,6
2021,6,3.43,PA,DESMATAMENTO_VEG,12
2021,7,0.35,AC,DESMATAMENTO_VEG,2
2023,12,0.18,AM,DESMATAMENTO_VEG,2
2021,7,32.33,AM,DESMATAMENTO_VEG,20
2015,2,5.49,PA,DESMATAMENTO_VEG,7
2021,7,12.61,MT,DESMATAMENTO_VEG,17
2021,7,21.32,PA,DESMATAMENTO_VEG,83
2022,8,0.77,AC,DESMATAMENTO_VEG,4
2022,8,2.16,AM,DESMATAMENTO_VEG,23
2022,8,7.18,MT,DESMATAMENTO_VEG,2
2022,8,1.16,PA,DESMATAMENTO_VEG,7
2017,3,6.94,AM,DESMATAMENTO_VEG,20
2022,9,0.06,AM,DESMATAMENTO_VEG,1
2017,10,0.48,AM,DESMATAMENTO_VEG,6
2025,9,0.2,AC,DESMATAMENTO_VEG,2
2022,9,0.07,PA,DESMATAMENTO_VEG,1
2015,3,0.46,AM,DESMATAMENTO_VEG,5
2022,10,0.11,MT,DESMATAMENTO_VEG,1
2015,8,1.81,AC,DESMATAMENTO_VEG,16
2017,3,6.72,AC,DESMATAMENTO_VEG,39
2022,11,0.14,AC,DESMATAMENTO_VEG,2
2022,11,0.09,AM,DESMATAMENTO_VEG,1
2017,11,2.14,AC,DESMATAMENTO_VEG,22
2015,3,13.25,MT,DESMATAMENTO_VEG,23
2022,12,0.45,AC,DESMATAMENTO_VEG,3
2017,11,0.44,AM,DESMATAMENTO_VEG,4
2022,12,0.29,AM,DESMATAMENTO_VEG,3
2023,11,0.24,AM,DESMATAMENTO_VEG,2
2015,3,4.13,PA,DESMATAMENTO_VEG,8
2022,1,0.45,AM,DESMATAMENTO_VEG,5
2022,1,0.11,PA,DESMATAMENTO_VEG,1
2022,2,0.1,AM,DESMATAMENTO_VEG,1
2022,2,0.42,MT,DESMATAMENTO_VEG,2
2017,11,0.16,PA,DESMATAMENTO_VEG,2
2022,2,0.07,PA,DESMATAMENTO_VEG,1
2017,2,6.07,PA,DESMATAMENTO_VEG,15
2022,3,0.13,AC,DESMATAMENTO_VEG,1
2022,3,3.14,AM,DESMATAMENTO_VEG,21
2022,3,0.28,MT,DESMATAMENTO_VEG,2
2022,3,6.71,PA,DESMATAMENTO_VEG,9
2017,2,0.6,MT,DESMATAMENTO_VEG,3
2022,4,1.84,AC,DESMATAMENTO_VEG,17
2022,4,1.7,AM,DESMATAMENTO_VEG,13
2017,12,0.7,AC,DESMATAMENTO_VEG,3
2022,4,9.02,MT,DESMATAMENTO_VEG,14
2022,4,5.47,PA,DESMATAMENTO_VEG,30
2017,12,1.09,AM,DESMATAMENTO_VEG,12
2022,5,1.83,AC,DESMATAMENTO_VEG,13
2022,5,9.68,AM,DESMATAMENTO_VEG,49
2015,4,0.25,AC,DESMATAMENTO_VEG,3
2022,5,182.05,MT,DESMATAMENTO_VEG,91
2022,5,50.87,PA,DESMATAMENTO_VEG,203
2022,6,2.51,AC,DESMATAMENTO_VEG,22
2023,10,0.08,AM,DESMATAMENTO_VEG,1
2017,12,0.13,MT,DESMATAMENTO_VEG,1
2015,4,1.57,AM,DESMATAMENTO_VEG,6
2022,6,4.92,AM,DESMATAMENTO_VEG,41
2015,9,0.15,MT,DESMATAMENTO_VEG,1
2022,6,14.01,MT,DESMATAMENTO_VEG,26
2017,12,0.45,PA,DESMATAMENTO_VEG,4
2022,6,127.56,PA,DESMATAMENTO_VEG,401
2022,7,0.4,AC,DESMATAMENTO_VEG,3
2022,7,3.74,AM,DESMATAMENTO_VEG,32
2022,7,0.34,MT,DESMATAMENTO_VEG,2
2023,9,0.51,PA,DESMATAMENTO_VEG,4
2022,7,41.37,PA,DESMATAMENTO_VEG,132
2017,1,0.32,AC,DESMATAMENTO_VEG,2
2023,8,0.29,AC,DESMATAMENTO_VEG,3
2015,4,13.63,MT,DESMATAMENTO_VEG,19
2023,8,0.59,AM,DESMATAMENTO_VEG,4
2017,1,0.88,AM,DESMATAMENTO_VEG,6
2023,8,4.23,MT,DESMATAMENTO_VEG,7
2023,8,3.03,PA,DESMATAMENTO_VEG,14
2017,1,0.35,PA,DESMATAMENTO_VEG,3
2023,9,84.14,AM,DESMATAMENTO_CR,518
2020,3,160.66,PA,DESMATAMENTO_CR,270
2025,10,0.96,AM,DESMATAMENTO_CR,8
2023,9,18.96,AC,DESMATAMENTO_CR,191
2017,1,33.27,PA,DESMATAMENTO_CR,188
2023,3,3.44,AC,DESMATAMENTO_CR,33
2020,3,81.77,MT,DESMATAMENTO_CR,163
2017,1,50.2,MT,DESMATAMENTO_CR,109
2018,6,146.6,MT,DESMATAMENTO_CR,460
2024,12,21.33,MT,DESMATAMENTO_CR,45
2023,8,199.71,PA,DESMATAMENTO_CR,1233
2025,8,96.13,MT,DESMATAMENTO_CR,273
2015,4,90.44,PA,DESMATAMENTO_CR,154
2020,3,61.41,AM,DESMATAMENTO_CR,100
2023,8,165.17,MT,DESMATAMENTO_CR,447
2018,3,25.23,PA,DESMATAMENTO_CR,83
2020,3,1.71,AC,DESMATAMENTO_CR,11
2019,2,19.31,AM,DESMATAMENTO_CR,87
2024,12,5.43,PA,DESMATAMENTO_CR,33
2017,1,6.65,AM,DESMATAMENTO_CR,30
2023,8,81.09,AM,DESMATAMENTO_CR,483
2024,7,149.63,AM,DESMATAMENTO_CR,688
2016,4,22.33,PA,DESMATAMENTO_CR,45
2020,2,34.3,PA,DESMATAMENTO_CR,144
2015,4,116.07,MT,DESMATAMENTO_CR,344
2023,9,120.88,MT,DESMATAMENTO_CR,383
2023,8,24.16,AC,DESMATAMENTO_CR,258
2017,5,109.28,PA,DESMATAMENTO_CR,278
2020,2,27.12,MT,DESMATAMENTO_CR,80
2018,3,81.15,MT,DESMATAMENTO_CR,219
2015,7,216.33,AM,DESMATAMENTO_CR,748
2017,1,0.26,AC,DESMATAMENTO_CR,2
2025,9,87.63,MT,DESMATAMENTO_CR,232
2022,7,191.22,PA,DESMATAMENTO_CR,1121
2023,9,312.26,PA,DESMATAMENTO_CR,2169
2022,7,84.62,MT,DESMATAMENTO_CR,310
2020,2,25.43,AM,DESMATAMENTO_CR,98
2020,2,3.18,AC,DESMATAMENTO_CR,22
2024,5,139.01,AM,DESMATAMENTO_CR,380
2024,8,142.19,MT,DESMATAMENTO_CR,313
2022,7,83.62,AM,DESMATAMENTO_CR,525
2018,3,43.5,AM,DESMATAMENTO_CR,93
2018,8,143.99,PA,DESMATAMENTO_CR,733
2023,3,35.46,AM,DESMATAMENTO_CR,133
2022,7,24.55,AC,DESMATAMENTO_CR,267
2016,4,61.43,MT,DESMATAMENTO_CR,184
2020,1,18.01,PA,DESMATAMENTO_CR,68
2023,6,25.44,AC,DESMATAMENTO_CR,227
2020,1,41.76,MT,DESMATAMENTO_CR,93
2019,1,77.49,PA,DESMATAMENTO_CR,442
2025,10,8.0,MT,DESMATAMENTO_CR,30
2022,6,159.09,PA,DESMATAMENTO_CR,803
2025,8,31.46,AC,DESMATAMENTO_CR,315
2015,10,141.85,MT,DESMATAMENTO_CR,641
2017,7,128.39,AM,DESMATAMENTO_CR,591
2022,6,120.39,MT,DESMATAMENTO_CR,325
2017,12,104.25,PA,DESMATAMENTO_CR,559
2020,1,5.86,AM,DESMATAMENTO_CR,24
2020,1,1.72,AC,DESMATAMENTO_CR,13
2018,3,1.58,AC,DESMATAMENTO_CR,6
2015,6,240.09,PA,DESMATAMENTO_CR,750
2023,10,34.33,AC,DESMATAMENTO_CR,346
2022,6,121.33,AM,DESMATAMENTO_CR,604
2016,4,18.18,AM,DESMATAMENTO_CR,28
2023,10,41.44,AM,DESMATAMENTO_CR,314
2018,9,181.8,MT,DESMATAMENTO_CR,709
2022,6,15.58,AC,DESMATAMENTO_CR,120
2017,12,85.65,MT,DESMATAMENTO_CR,185
2016,8,28.31,AC,DESMATAMENTO_CR,227
2024,1,5.13,AC,DESMATAMENTO_CR,26
2016,4,0.24,AC,DESMATAMENTO_CR,1
2017,5,120.37,AM,DESMATAMENTO_CR,313
2015,4,59.54,AM,DESMATAMENTO_CR,131
2019,1,119.93,MT,DESMATAMENTO_CR,330
2022,5,135.3,PA,DESMATAMENTO_CR,509
2020,12,96.12,PA,DESMATAMENTO_CR,648
2019,8,218.71,MT,DESMATAMENTO_CR,1022
2022,5,196.2,MT,DESMATAMENTO_CR,545
2020,12,71.49,MT,DESMATAMENTO_CR,214
2018,10,251.52,PA,DESMATAMENTO_CR,1428
2016,10,107.52,AM,DESMATAMENTO_CR,508
2016,3,5.45,PA,DESMATAMENTO_CR,16
2024,1,15.44,AM,DESMATAMENTO_CR,70
2015,4,1.21,AC,DESMATAMENTO_CR,6
2022,5,137.66,AM,DESMATAMENTO_CR,449
2022,5,4.64,AC,DESMATAMENTO_CR,35
2020,12,5.73,AM,DESMATAMENTO_CR,33
2017,12,11.69,AM,DESMATAMENTO_CR,97
2023,10,67.62,MT,DESMATAMENTO_CR,262
2020,12,1.1,AC,DESMATAMENTO_CR,12
2022,4,76.6,PA,DESMATAMENTO_CR,245
2019,1,10.53,AM,DESMATAMENTO_CR,92
2025,10,4.09,PA,DESMATAMENTO_CR,26
2023,7,164.35,AM,DESMATAMENTO_CR,916
2022,4,70.34,MT,DESMATAMENTO_CR,190
2023,6,129.37,AM,DESMATAMENTO_CR,579
2017,2,31.89,MT,DESMATAMENTO_CR,103
2017,12,2.41,AC,DESMATAMENTO_CR,21
2023,3,35.63,MT,DESMATAMENTO_CR,111
2019,1,2.9,AC,DESMATAMENTO_CR,26
2023,10,208.68,PA,DESMATAMENTO_CR,1471
2022,4,86.22,AM,DESMATAMENTO_CR,272
2016,3,57.42,MT,DESMATAMENTO_CR,136
2024,12,6.09,AM,DESMATAMENTO_CR,30
2022,4,5.34,AC,DESMATAMENTO_CR,35
2020,11,119.87,PA,DESMATAMENTO_CR,750
2015,5,98.36,PA,DESMATAMENTO_CR,339
2024,9,160.74,MT,DESMATAMENTO_CR,231
2022,3,70.71,PA,DESMATAMENTO_CR,226
2016,3,1.27,AM,DESMATAMENTO_CR,5
2024,8,190.09,PA,DESMATAMENTO_CR,1057
2020,11,90.09,MT,DESMATAMENTO_CR,305
2024,1,94.31,MT,DESMATAMENTO_CR,185
2018,6,187.48,AM,DESMATAMENTO_CR,490
2022,3,78.96,MT,DESMATAMENTO_CR,220
2018,10,79.23,MT,DESMATAMENTO_CR,273
2018,2,21.67,PA,DESMATAMENTO_CR,93
2015,10,21.22,AC,DESMATAMENTO_CR,192
2015,9,134.72,MT,DESMATAMENTO_CR,662
2022,3,121.53,AM,DESMATAMENTO_CR,282
2016,2,7.3,PA,DESMATAMENTO_CR,32
2020,11,21.81,AM,DESMATAMENTO_CR,105
2017,2,95.72,PA,DESMATAMENTO_CR,472
2022,3,1.47,AC,DESMATAMENTO_CR,13
2020,11,12.73,AC,DESMATAMENTO_CR,117
2015,7,142.47,PA,DESMATAMENTO_CR,555
2024,1,24.71,PA,DESMATAMENTO_CR,132
2022,2,37.9,PA,DESMATAMENTO_CR,185
2016,2,67.57,MT,DESMATAMENTO_CR,123
2024,11,2.64,AC,DESMATAMENTO_CR,17
2023,3,31.73,PA,DESMATAMENTO_CR,165
2022,2,161.41,MT,DESMATAMENTO_CR,311
2024,10,257.86,PA,DESMATAMENTO_CR,1530
2017,11,179.61,PA,DESMATAMENTO_CR,1015
2018,6,10.02,AC,DESMATAMENTO_CR,72
2019,12,56.64,PA,DESMATAMENTO_CR,366
2022,2,45.87,AM,DESMATAMENTO_CR,109
2022,2,3.85,AC,DESMATAMENTO_CR,26
2023,11,11.5,AC,DESMATAMENTO_CR,110
2017,7,48.56,MT,DESMATAMENTO_CR,168
2022,1,29.89,PA,DESMATAMENTO_CR,161
2022,1,69.44,MT,DESMATAMENTO_CR,104
2024,5,145.4,MT,DESMATAMENTO_CR,371
2018,2,34.95,MT,DESMATAMENTO_CR,49
2017,11,60.63,MT,DESMATAMENTO_CR,223
2019,8,189.61,AM,DESMATAMENTO_CR,1050
2022,1,13.49,AM,DESMATAMENTO_CR,23
2022,1,1.23,AC,DESMATAMENTO_CR,10
2015,10,58.9,AM,DESMATAMENTO_CR,298
2016,2,3.9,AM,DESMATAMENTO_CR,24
2016,10,66.55,AC,DESMATAMENTO_CR,569
2023,11,13.48,AM,DESMATAMENTO_CR,99
2024,11,24.74,MT,DESMATAMENTO_CR,64
2022,12,109.16,PA,DESMATAMENTO_CR,535
2020,10,112.97,MT,DESMATAMENTO_CR,504
2015,3,10.31,PA,DESMATAMENTO_CR,43
2022,12,22.54,MT,DESMATAMENTO_CR,68
2015,1,6.79,AC,DESMATAMENTO_CR,53
2022,12,18.87,AM,DESMATAMENTO_CR,106
2022,12,12.53,AC,DESMATAMENTO_CR,106
2019,12,75.56,MT,DESMATAMENTO_CR,138
2017,11,22.6,AM,DESMATAMENTO_CR,133
2020,10,88.49,AM,DESMATAMENTO_CR,514
2016,1,8.24,PA,DESMATAMENTO_CR,49
2017,7,38.82,AC,DESMATAMENTO_CR,358
2024,2,1.89,AC,DESMATAMENTO_CR,8
2022,11,144.19,PA,DESMATAMENTO_CR,774
2020,10,63.03,AC,DESMATAMENTO_CR,640
2017,3,0.08,AC,DESMATAMENTO_CR,1
2022,11,107.8,MT,DESMATAMENTO_CR,349
2024,7,106.79,MT,DESMATAMENTO_CR,310
2017,11,37.44,AC,DESMATAMENTO_CR,355
2016,1,15.33,MT,DESMATAMENTO_CR,33
2015,3,114.6,MT,DESMATAMENTO_CR,422
2024,2,10.6,AM,DESMATAMENTO_CR,26
2022,11,85.73,AM,DESMATAMENTO_CR,518
2018,2,9.87,AM,DESMATAMENTO_CR,22
2019,12,6.11,AM,DESMATAMENTO_CR,52
2022,11,85.42,AC,DESMATAMENTO_CR,827
2019,8,139.53,AC,DESMATAMENTO_CR,1310
2018,4,40.71,AM,DESMATAMENTO_CR,94
2016,1,8.57,AM,DESMATAMENTO_CR,30
2015,11,75.68,PA,DESMATAMENTO_CR,433
2018,2,0.26,AC,DESMATAMENTO_CR,2
2025,9,21.96,AC,DESMATAMENTO_CR,203
2023,11,29.76,MT,DESMATAMENTO_CR,146
2022,10,150.03,MT,DESMATAMENTO_CR,329
2017,10,103.16,PA,DESMATAMENTO_CR,553
2022,10,142.28,AM,DESMATAMENTO_CR,731
2022,10,64.0,AC,DESMATAMENTO_CR,485
2017,10,101.74,MT,DESMATAMENTO_CR,344
2024,5,133.06,PA,DESMATAMENTO_CR,368
2024,10,77.74,AM,DESMATAMENTO_CR,445
2020,9,182.62,MT,DESMATAMENTO_CR,786
2015,3,26.69,AM,DESMATAMENTO_CR,147
2016,12,1.68,PA,DESMATAMENTO_CR,13
2023,11,96.37,PA,DESMATAMENTO_CR,667
2017,10,69.23,AM,DESMATAMENTO_CR,276
2024,12,8.75,AC,DESMATAMENTO_CR,73
2022,9,283.87,AM,DESMATAMENTO_CR,1113
2015,8,25.12,AC,DESMATAMENTO_CR,261
2020,9,115.62,AM,DESMATAMENTO_CR,679
2017,3,32.75,AM,DESMATAMENTO_CR,78
2022,9,120.52,AC,DESMATAMENTO_CR,993
2018,10,67.98,AM,DESMATAMENTO_CR,282
2015,3,0.12,AC,DESMATAMENTO_CR,1
2017,10,36.27,AC,DESMATAMENTO_CR,283
2016,12,11.75,MT,DESMATAMENTO_CR,12
2023,6,46.3,MT,DESMATAMENTO_CR,145
2015,5,83.88,MT,DESMATAMENTO_CR,246
2020,9,37.31,AC,DESMATAMENTO_CR,377
2024,8,93.37,AM,DESMATAMENTO_CR,431
2018,1,12.42,PA,DESMATAMENTO_CR,54
2016,12,0.18,AM,DESMATAMENTO_CR,1
2015,8,206.37,PA,DESMATAMENTO_CR,1079
2018,4,31.13,PA,DESMATAMENTO_CR,111
2022,8,306.76,AM,DESMATAMENTO_CR,1113
2018,8,65.08,MT,DESMATAMENTO_CR,275
2015,5,0.34,AC,DESMATAMENTO_CR,3
2022,8,113.35,AC,DESMATAMENTO_CR,974
2019,11,110.86,MT,DESMATAMENTO_CR,319
2024,2,28.59,MT,DESMATAMENTO_CR,56
2017,9,164.4,PA,DESMATAMENTO_CR,925
2018,9,152.64,AM,DESMATAMENTO_CR,677
2018,1,86.56,MT,DESMATAMENTO_CR,171
2018,5,176.08,PA,DESMATAMENTO_CR,382
2017,6,138.64,PA,DESMATAMENTO_CR,534
2023,12,2.32,AC,DESMATAMENTO_CR,19
2021,7,204.22,MT,DESMATAMENTO_CR,686
2023,4,2.12,AC,DESMATAMENTO_CR,16
2015,2,7.66,PA,DESMATAMENTO_CR,41
2024,2,15.27,PA,DESMATAMENTO_CR,45
2020,8,170.15,MT,DESMATAMENTO_CR,839
2017,9,109.83,MT,DESMATAMENTO_CR,314
2015,11,67.12,MT,DESMATAMENTO_CR,233
2023,12,11.77,AM,DESMATAMENTO_CR,62
2018,10,6.41,AC,DESMATAMENTO_CR,65
2021,7,77.35,AC,DESMATAMENTO_CR,671
2016,9,202.64,PA,DESMATAMENTO_CR,1062
2023,4,24.35,AM,DESMATAMENTO_CR,81
2019,11,21.36,AM,DESMATAMENTO_CR,128
2016,8,155.12,AM,DESMATAMENTO_CR,713
2021,6,116.25,MT,DESMATAMENTO_CR,330
2015,7,105.94,MT,DESMATAMENTO_CR,380
2017,9,20.56,AM,DESMATAMENTO_CR,85
2024,3,18.41,AM,DESMATAMENTO_CR,37
2019,11,11.4,AC,DESMATAMENTO_CR,101
2018,1,4.71,AM,DESMATAMENTO_CR,29
2020,8,217.17,AM,DESMATAMENTO_CR,1571
2021,6,69.14,AC,DESMATAMENTO_CR,534
2015,2,46.57,MT,DESMATAMENTO_CR,208
2017,9,0.43,AC,DESMATAMENTO_CR,3
2015,12,133.25,PA,DESMATAMENTO_CR,647
2017,4,199.47,MT,DESMATAMENTO_CR,413
2020,8,132.51,AC,DESMATAMENTO_CR,1411
2023,7,67.19,MT,DESMATAMENTO_CR,302
2021,5,259.33,PA,DESMATAMENTO_CR,697
2016,11,138.49,PA,DESMATAMENTO_CR,768
2023,6,152.62,PA,DESMATAMENTO_CR,702
2021,5,146.53,MT,DESMATAMENTO_CR,425
2018,1,0.08,AC,DESMATAMENTO_CR,1
2015,6,8.25,AC,DESMATAMENTO_CR,52
2021,5,296.62,AM,DESMATAMENTO_CR,1107
2015,9,64.87,AM,DESMATAMENTO_CR,441
2021,5,27.34,AC,DESMATAMENTO_CR,182
2018,9,45.69,AC,DESMATAMENTO_CR,482
2025,8,66.12,PA,DESMATAMENTO_CR,379
2024,3,44.91,MT,DESMATAMENTO_CR,94
2023,12,28.64,MT,DESMATAMENTO_CR,138
2021,4,279.12,PA,DESMATAMENTO_CR,570
2015,8,73.61,AM,DESMATAMENTO_CR,488
2017,8,48.63,PA,DESMATAMENTO_CR,265
2017,3,107.5,MT,DESMATAMENTO_CR,250
2021,4,248.66,MT,DESMATAMENTO_CR,653
2023,4,79.25,MT,DESMATAMENTO_CR,225
2018,5,166.12,MT,DESMATAMENTO_CR,456
2021,4,5.92,AC,DESMATAMENTO_CR,31
2017,4,108.94,PA,DESMATAMENTO_CR,328
2019,7,293.39,MT,DESMATAMENTO_CR,1149
2021,3,42.4,PA,DESMATAMENTO_CR,133
2017,5,111.82,MT,DESMATAMENTO_CR,268
2019,10,280.55,PA,DESMATAMENTO_CR,1452
2016,11,111.65,MT,DESMATAMENTO_CR,515
2025,9,45.02,AM,DESMATAMENTO_CR,267
2024,3,18.51,PA,DESMATAMENTO_CR,87
2024,7,151.4,PA,DESMATAMENTO_CR,656
2021,3,107.46,MT,DESMATAMENTO_CR,295
2017,8,90.18,MT,DESMATAMENTO_CR,364
2021,3,105.86,AM,DESMATAMENTO_CR,212
2021,3,1.98,AC,DESMATAMENTO_CR,13
2015,12,72.99,MT,DESMATAMENTO_CR,219
2023,4,25.33,PA,DESMATAMENTO_CR,132
2023,12,95.57,PA,DESMATAMENTO_CR,477
2021,2,45.86,PA,DESMATAMENTO_CR,195
2019,7,278.09,AM,DESMATAMENTO_CR,1472
2021,2,78.05,MT,DESMATAMENTO_CR,183
2024,7,24.94,AC,DESMATAMENTO_CR,226
2015,2,14.84,AM,DESMATAMENTO_CR,62
2021,2,40.49,AM,DESMATAMENTO_CR,77
2019,10,112.45,MT,DESMATAMENTO_CR,442
2015,6,228.56,AM,DESMATAMENTO_CR,667
2019,7,120.71,AC,DESMATAMENTO_CR,1188
2024,9,77.46,AC,DESMATAMENTO_CR,679
2017,8,49.16,AM,DESMATAMENTO_CR,189
2021,1,63.49,PA,DESMATAMENTO_CR,268
2016,9,178.2,MT,DESMATAMENTO_CR,677
2018,12,9.5,PA,DESMATAMENTO_CR,64
2021,1,146.52,MT,DESMATAMENTO_CR,328
2015,9,167.63,PA,DESMATAMENTO_CR,970
2021,1,43.7,AM,DESMATAMENTO_CR,160
2018,8,88.59,AM,DESMATAMENTO_CR,548
2021,1,8.8,AC,DESMATAMENTO_CR,51
2024,6,12.09,AC,DESMATAMENTO_CR,100
2021,12,52.49,PA,DESMATAMENTO_CR,264
2018,12,33.45,MT,DESMATAMENTO_CR,125
2021,12,10.34,MT,DESMATAMENTO_CR,32
2018,4,1.61,AC,DESMATAMENTO_CR,15
2015,2,0.2,AC,DESMATAMENTO_CR,2
2019,10,42.05,AM,DESMATAMENTO_CR,247
2021,12,6.25,AM,DESMATAMENTO_CR,29
2016,8,164.48,MT,DESMATAMENTO_CR,619
2021,12,0.5,AC,DESMATAMENTO_CR,6
2016,11,13.42,AM,DESMATAMENTO_CR,75
2021,11,178.79,PA,DESMATAMENTO_CR,910
2019,6,125.06,MT,DESMATAMENTO_CR,519
2016,7,128.41,PA,DESMATAMENTO_CR,459
2024,9,200.58,PA,DESMATAMENTO_CR,1270
2021,11,36.93,MT,DESMATAMENTO_CR,109
2019,10,11.38,AC,DESMATAMENTO_CR,92
2021,11,9.6,AM,DESMATAMENTO_CR,59
2021,11,11.05,AC,DESMATAMENTO_CR,90
2024,6,94.37,AM,DESMATAMENTO_CR,307
2019,6,167.17,AM,DESMATAMENTO_CR,885
2023,1,0.5,AC,DESMATAMENTO_CR,3
2016,7,107.2,MT,DESMATAMENTO_CR,323
2023,7,254.44,PA,DESMATAMENTO_CR,1645
2015,12,18.83,AM,DESMATAMENTO_CR,83
2016,11,4.62,AC,DESMATAMENTO_CR,42
2018,12,0.23,AM,DESMATAMENTO_CR,3
2018,7,97.8,AC,DESMATAMENTO_CR,803
2021,10,105.01,MT,DESMATAMENTO_CR,337
2019,6,36.48,AC,DESMATAMENTO_CR,342
2017,6,111.88,MT,DESMATAMENTO_CR,341
2024,8,30.96,AC,DESMATAMENTO_CR,305
2024,4,6.46,AC,DESMATAMENTO_CR,35
2023,1,8.63,AM,DESMATAMENTO_CR,61
2021,10,113.19,AM,DESMATAMENTO_CR,472
2023,5,4.15,AC,DESMATAMENTO_CR,30
2021,10,39.58,AC,DESMATAMENTO_CR,381
2017,3,55.95,PA,DESMATAMENTO_CR,327
2016,7,78.9,AM,DESMATAMENTO_CR,261
2015,5,82.49,AM,DESMATAMENTO_CR,241
2018,4,70.65,MT,DESMATAMENTO_CR,201
2016,7,7.48,AC,DESMATAMENTO_CR,53
2019,5,328.85,PA,DESMATAMENTO_CR,673
2021,9,324.07,PA,DESMATAMENTO_CR,1839
2023,5,107.09,AM,DESMATAMENTO_CR,348
2021,9,118.57,MT,DESMATAMENTO_CR,453
2019,5,170.6,MT,DESMATAMENTO_CR,486
2018,5,167.28,AM,DESMATAMENTO_CR,309
2023,1,29.83,MT,DESMATAMENTO_CR,68
2024,4,110.29,AM,DESMATAMENTO_CR,204
2021,9,227.01,AM,DESMATAMENTO_CR,1131
2015,8,133.48,MT,DESMATAMENTO_CR,574
2015,6,166.91,MT,DESMATAMENTO_CR,502
2021,9,70.17,AC,DESMATAMENTO_CR,641
2018,11,211.92,PA,DESMATAMENTO_CR,1330
2019,5,180.38,AM,DESMATAMENTO_CR,494
2016,6,82.95,PA,DESMATAMENTO_CR,303
2023,1,31.35,PA,DESMATAMENTO_CR,211
2019,5,10.6,AC,DESMATAMENTO_CR,68
2017,6,83.17,AM,DESMATAMENTO_CR,306
2021,8,99.74,MT,DESMATAMENTO_CR,417
2024,9,70.14,AM,DESMATAMENTO_CR,367
2016,6,109.98,MT,DESMATAMENTO_CR,350
2021,8,198.32,AM,DESMATAMENTO_CR,1157
2018,11,10.85,MT,DESMATAMENTO_CR,55
2021,8,81.11,AC,DESMATAMENTO_CR,782
2015,1,95.27,PA,DESMATAMENTO_CR,644
2018,8,76.78,AC,DESMATAMENTO_CR,874
2016,9,114.77,AM,DESMATAMENTO_CR,477
2019,4,57.19,PA,DESMATAMENTO_CR,171
2024,10,69.77,MT,DESMATAMENTO_CR,186
2015,12,6.12,AC,DESMATAMENTO_CR,59
2020,7,137.37,MT,DESMATAMENTO_CR,666
2016,6,182.15,AM,DESMATAMENTO_CR,493
2019,4,142.35,MT,DESMATAMENTO_CR,367
2023,2,1.24,AC,DESMATAMENTO_CR,11
2024,4,94.15,MT,DESMATAMENTO_CR,147
2017,7,219.65,PA,DESMATAMENTO_CR,868
2015,1,9.53,MT,DESMATAMENTO_CR,40
2015,11,40.73,AM,DESMATAMENTO_CR,185
2023,2,31.9,AM,DESMATAMENTO_CR,106
2020,7,150.37,AC,DESMATAMENTO_CR,1483
2023,5,112.61,MT,DESMATAMENTO_CR,416
2016,6,3.93,AC,DESMATAMENTO_CR,26
2016,10,180.53,PA,DESMATAMENTO_CR,1019
2018,11,15.86,AM,DESMATAMENTO_CR,80
2018,9,103.32,PA,DESMATAMENTO_CR,486
2024,11,124.78,PA,DESMATAMENTO_CR,805
2019,4,77.27,AM,DESMATAMENTO_CR,165
2024,4,37.93,PA,DESMATAMENTO_CR,122
2019,4,3.75,AC,DESMATAMENTO_CR,29
2020,6,171.21,MT,DESMATAMENTO_CR,602
2017,6,14.05,AC,DESMATAMENTO_CR,84
2019,9,174.47,AM,DESMATAMENTO_CR,945
2018,11,1.3,AC,DESMATAMENTO_CR,18
2020,6,213.71,AM,DESMATAMENTO_CR,991
2016,5,33.47,PA,DESMATAMENTO_CR,95
2018,5,7.6,AC,DESMATAMENTO_CR,39
2020,6,43.5,AC,DESMATAMENTO_CR,371
2016,9,47.44,AC,DESMATAMENTO_CR,376
2023,5,109.42,PA,DESMATAMENTO_CR,507
2023,2,64.09,MT,DESMATAMENTO_CR,182
2019,3,119.34,PA,DESMATAMENTO_CR,206
2015,10,144.36,PA,DESMATAMENTO_CR,833
2019,3,68.16,MT,DESMATAMENTO_CR,154
2019,9,110.55,AC,DESMATAMENTO_CR,1040
2017,4,1.19,AC,DESMATAMENTO_CR,9
2016,5,163.41,MT,DESMATAMENTO_CR,376
2024,6,99.85,MT,DESMATAMENTO_CR,213
2020,5,265.57,MT,DESMATAMENTO_CR,738
2024,11,5.93,AM,DESMATAMENTO_CR,29
2015,9,22.31,AC,DESMATAMENTO_CR,227
2019,3,71.17,AM,DESMATAMENTO_CR,143
2023,2,50.87,PA,DESMATAMENTO_CR,335
2025,8,69.2,AM,DESMATAMENTO_CR,380
2025,9,96.41,PA,DESMATAMENTO_CR,583
2017,5,4.12,AC,DESMATAMENTO_CR,23
2019,3,3.71,AC,DESMATAMENTO_CR,25
2016,10,160.34,MT,DESMATAMENTO_CR,714
2020,5,30.95,AC,DESMATAMENTO_CR,217
2024,10,53.85,AC,DESMATAMENTO_CR,512
2023,7,71.01,AC,DESMATAMENTO_CR,761
2020,4,193.7,PA,DESMATAMENTO_CR,458
2016,5,71.9,AM,DESMATAMENTO_CR,170
2017,4,84.1,AM,DESMATAMENTO_CR,185
2020,4,116.95,MT,DESMATAMENTO_CR,274
2019,2,46.55,PA,DESMATAMENTO_CR,121
2015,11,11.52,AC,DESMATAMENTO_CR,108
2015,1,22.05,AM,DESMATAMENTO_CR,136
2024,5,6.82,AC,DESMATAMENTO_CR,45
2020,4,173.47,AM,DESMATAMENTO_CR,336
2020,4,2.62,AC,DESMATAMENTO_CR,12
2024,6,74.58,PA,DESMATAMENTO_CR,310
2019,2,74.46,MT,DESMATAMENTO_CR,141
2015,7,27.12,AC,DESMATAMENTO_CR,223
