year,month,area,uf,className,numPol
2019/2020,8,5.2,PA,MINERACAO,58
2015/2016,8,1.96,AM,MINERACAO,15
2015/2016,8,0.2,MT,MINERACAO,2
2015/2016,8,11.86,PA,MINERACAO,101
2015/2016,8,0.11,RO,MINERACAO,1
2015/2016,9,0.11,AM,MINERACAO,1
2015/2016,9,0.27,MT,MINERACAO,3
2015/2016,9,2.82,PA,MINERACAO,32
2015/2016,10,0.29,PA,MINERACAO,4
2015/2016,11,0.35,PA,MINERACAO,5
2015/2016,3,0.07,MT,MINERACAO,1
2015/2016,3,1.81,PA,MINERACAO,16
2015/2016,4,7.37,PA,MINERACAO,60
2015/2016,5,0.4,MT,MINERACAO,2
2015/2016,5,3.61,PA,MINERACAO,31
2015/2016,5,0.1,RO,MINERACAO,1
2015/2016,6,0.16,AM,MINERACAO,2
2015/2016,6,0.96,MT,MINERACAO,8
2015/2016,6,10.87,PA,MINERACAO,92
2015/2016,6,0.15,RO,MINERACAO,2
2015/2016,7,5.25,PA,MINERACAO,41
2015/2016,7,0.08,RO,MINERACAO,1
2016/2017,8,0.11,AM,MINERACAO,1
2016/2017,8,0.66,MT,MINERACAO,3
2016/2017,8,1.51,PA,MINERACAO,12
2016/2017,9,0.17,AM,MINERACAO,2
2016/2017,9,0.68,MT,MINERACAO,2
2016/2017,9,2.12,PA,MINERACAO,23
2025/2026,9,1.67,PA,MINERACAO,19
2016/2017,10,0.1,AM,MINERACAO,1
2016/2017,10,0.94,MT,MINERACAO,9
2016/2017,10,7.83,PA,MINERACAO,64
2016/2017,11,0.51,MT,MINERACAO,4
2016/2017,11,1.11,PA,MINERACAO,12
2016/2017,2,0.14,MT,MINERACAO,1
2025/2026,9,0.19,MT,MINERACAO,3
2016/2017,3,0.39,MT,MINERACAO,3
2016/2017,4,0.4,MT,MINERACAO,2
2016/2017,4,1.16,PA,MINERACAO,8
2016/2017,5,0.23,AM,MINERACAO,2
2016/2017,5,0.6,MT,MINERACAO,7
2016/2017,5,14.48,PA,MINERACAO,113
2016/2017,6,0.12,AM,MINERACAO,1
2016/2017,6,1.09,MT,MINERACAO,10
2016/2017,6,18.21,PA,MINERACAO,160
2025/2026,9,4.24,AP,MINERACAO,45
2016/2017,7,0.16,MT,MINERACAO,2
2016/2017,7,1.97,PA,MINERACAO,19
2025/2026,9,0.44,AM,MINERACAO,4
2016/2017,7,0.18,RO,MINERACAO,2
2017/2018,8,0.07,MT,MINERACAO,1
2017/2018,8,1.24,PA,MINERACAO,14
2017/2018,8,0.11,RO,MINERACAO,1
2017/2018,9,0.12,MT,MINERACAO,1
2017/2018,9,1.81,PA,MINERACAO,16
2017/2018,10,0.07,AM,MINERACAO,1
2017/2018,10,2.54,PA,MINERACAO,24
2017/2018,11,0.2,AM,MINERACAO,2
2017/2018,11,3.37,PA,MINERACAO,36
2017/2018,12,0.07,AM,MINERACAO,1
2017/2018,12,0.66,MT,MINERACAO,8
2017/2018,12,2.88,PA,MINERACAO,28
2017/2018,12,0.08,RO,MINERACAO,2
2017/2018,1,0.17,AM,MINERACAO,1
2017/2018,1,0.29,MT,MINERACAO,3
2025/2026,8,0.11,RO,MINERACAO,2
2017/2018,1,5.2,PA,MINERACAO,50
2017/2018,2,0.18,AM,MINERACAO,2
2017/2018,2,0.25,PA,MINERACAO,2
2017/2018,3,0.06,MA,MINERACAO,1
2017/2018,3,0.22,MT,MINERACAO,2
2017/2018,3,4.16,PA,MINERACAO,41
2025/2026,8,4.12,PA,MINERACAO,52
2017/2018,4,0.09,AM,MINERACAO,1
2017/2018,4,1.13,MT,MINERACAO,10
2017/2018,4,8.51,PA,MINERACAO,84
2017/2018,5,1,AM,MINERACAO,8
2017/2018,5,0.78,MT,MINERACAO,10
2017/2018,5,17.39,PA,MINERACAO,180
2025/2026,8,0.92,MT,MINERACAO,11
2017/2018,5,0.37,RO,MINERACAO,2
2017/2018,6,0.65,AM,MINERACAO,7
2017/2018,6,2.67,MT,MINERACAO,28
2017/2018,6,10.78,PA,MINERACAO,123
2017/2018,6,0.16,RO,MINERACAO,2
2017/2018,7,0.08,AM,MINERACAO,1
2017/2018,7,0.33,MT,MINERACAO,3
2017/2018,7,8.99,PA,MINERACAO,88
2017/2018,7,0.36,RO,MINERACAO,1
2025/2026,8,2.24,AP,MINERACAO,22
2025/2026,8,0.74,AM,MINERACAO,8
2018/2019,8,0.24,MT,MINERACAO,4
2018/2019,8,8.85,PA,MINERACAO,108
2018/2019,9,2.04,AM,MINERACAO,18
2018/2019,9,0.31,MT,MINERACAO,5
2018/2019,9,2.63,PA,MINERACAO,33
2018/2019,9,0.27,RO,MINERACAO,4
2018/2019,10,0.16,MT,MINERACAO,3
2018/2019,10,6.52,PA,MINERACAO,68
2018/2019,11,0.22,PA,MINERACAO,2
2018/2019,12,0.1,MT,MINERACAO,1
2018/2019,12,0.14,PA,MINERACAO,3
2018/2019,12,0.16,RO,MINERACAO,2
2018/2019,1,0.06,MT,MINERACAO,1
2018/2019,1,0.54,PA,MINERACAO,6
2018/2019,2,0.08,AM,MINERACAO,1
2018/2019,2,0.23,AP,MINERACAO,1
2024/2025,7,0.3,RO,MINERACAO,3
2018/2019,2,0.21,MT,MINERACAO,1
2018/2019,2,3.66,PA,MINERACAO,42
2018/2019,2,1.08,RR,MINERACAO,9
2018/2019,3,0.26,MT,MINERACAO,3
2018/2019,3,1.24,PA,MINERACAO,16
2018/2019,3,0.08,RO,MINERACAO,1
2024/2025,7,4.77,PA,MINERACAO,62
2018/2019,4,0.42,AM,MINERACAO,6
2018/2019,4,0.65,MT,MINERACAO,5
2018/2019,4,2.45,PA,MINERACAO,29
2018/2019,4,0.17,RO,MINERACAO,1
2018/2019,5,0.17,AM,MINERACAO,2
2018/2019,5,1.51,MT,MINERACAO,18
2024/2025,7,1.74,MT,MINERACAO,22
2018/2019,5,32.62,PA,MINERACAO,325
2018/2019,5,0.17,RO,MINERACAO,2
2018/2019,6,0.62,AM,MINERACAO,6
2018/2019,6,2.15,MT,MINERACAO,25
2018/2019,6,9.72,PA,MINERACAO,96
2018/2019,6,0.07,RO,MINERACAO,1
2018/2019,7,2.12,AM,MINERACAO,13
2018/2019,7,1.69,MT,MINERACAO,20
2018/2019,7,20.08,PA,MINERACAO,200
2024/2025,7,0.16,AP,MINERACAO,2
2018/2019,7,0.09,RO,MINERACAO,1
2019/2020,8,0,AM,MINERACAO,1
2024/2025,7,2.2,AM,MINERACAO,23
2019/2020,8,1.01,MT,MINERACAO,8
2024/2025,10,0.66,AP,MINERACAO,8
2019/2020,8,0.64,RO,MINERACAO,5
2019/2020,9,0.26,AM,MINERACAO,3
2019/2020,9,3.41,PA,MINERACAO,36
2019/2020,9,0.17,RR,MINERACAO,1
2019/2020,10,0.07,AM,MINERACAO,1
2019/2020,10,0.14,MT,MINERACAO,1
2019/2020,10,2.66,PA,MINERACAO,36
2019/2020,10,0.1,RR,MINERACAO,1
2019/2020,11,0.11,AM,MINERACAO,1
2019/2020,11,6.96,PA,MINERACAO,68
2019/2020,12,0.48,MT,MINERACAO,9
2019/2020,12,1.36,PA,MINERACAO,17
2019/2020,12,0.08,RO,MINERACAO,1
2019/2020,12,0.61,RR,MINERACAO,2
2019/2020,1,0.14,MT,MINERACAO,1
2019/2020,1,4.84,PA,MINERACAO,49
2019/2020,1,0.12,RR,MINERACAO,1
2024/2025,6,3.48,PA,MINERACAO,43
2019/2020,2,0.12,AM,MINERACAO,3
2019/2020,2,0.52,MT,MINERACAO,4
2019/2020,2,2.73,PA,MINERACAO,30
2019/2020,2,0.19,RO,MINERACAO,2
2019/2020,2,0.42,RR,MINERACAO,4
2024/2025,6,0.88,MT,MINERACAO,11
2019/2020,3,1.06,AM,MINERACAO,11
2019/2020,3,0.07,MA,MINERACAO,1
2019/2020,3,2.56,PA,MINERACAO,31
2019/2020,4,0.07,AM,MINERACAO,1
2019/2020,4,1.13,MT,MINERACAO,12
2019/2020,4,4.19,PA,MINERACAO,47
2019/2020,5,1.14,AM,MINERACAO,10
2019/2020,5,0.29,AP,MINERACAO,2
2019/2020,5,0.27,MT,MINERACAO,4
2019/2020,5,5.89,PA,MINERACAO,66
2024/2025,6,0.35,AM,MINERACAO,4
2019/2020,5,0.09,RO,MINERACAO,1
2019/2020,6,1.19,AM,MINERACAO,13
2019/2020,6,0.2,MA,MINERACAO,3
2019/2020,6,0.91,MT,MINERACAO,11
2019/2020,6,19.41,PA,MINERACAO,204
2019/2020,6,0.14,RO,MINERACAO,1
2019/2020,7,0.38,AM,MINERACAO,5
2019/2020,7,0.24,MA,MINERACAO,3
2019/2020,7,1.4,MT,MINERACAO,18
2019/2020,7,21.53,PA,MINERACAO,251
2019/2020,7,0.1,RO,MINERACAO,1
2024/2025,5,0.43,RO,MINERACAO,4
2020/2021,8,1.36,AM,MINERACAO,13
2020/2021,8,0.14,MA,MINERACAO,1
2020/2021,8,1.27,MT,MINERACAO,14
2020/2021,8,12.8,PA,MINERACAO,155
2020/2021,8,0.22,RO,MINERACAO,2
2020/2021,9,1.76,AM,MINERACAO,16
2024/2025,5,6.37,PA,MINERACAO,72
2020/2021,9,0.09,AP,MINERACAO,1
2020/2021,9,0.24,MT,MINERACAO,3
2020/2021,9,4.46,PA,MINERACAO,59
2020/2021,9,0.07,RO,MINERACAO,1
2020/2021,9,0.58,RR,MINERACAO,4
2020/2021,10,0.3,AM,MINERACAO,4
2024/2025,5,5.01,MT,MINERACAO,48
2020/2021,10,1.07,MT,MINERACAO,6
2020/2021,10,1.12,PA,MINERACAO,19
2020/2021,10,0.15,RO,MINERACAO,2
2020/2021,10,0.1,RR,MINERACAO,1
2020/2021,11,0.07,AM,MINERACAO,1
2020/2021,11,0.14,MT,MINERACAO,3
2020/2021,11,0.26,PA,MINERACAO,4
2020/2021,11,0.08,RO,MINERACAO,1
2020/2021,12,0.13,AM,MINERACAO,1
2020/2021,12,2.37,PA,MINERACAO,28
2024/2025,5,1.24,AM,MINERACAO,13
2020/2021,1,0.29,PA,MINERACAO,3
2020/2021,1,0.28,RR,MINERACAO,2
2020/2021,2,0.38,AM,MINERACAO,4
2020/2021,2,1.83,PA,MINERACAO,8
2020/2021,3,0.12,MT,MINERACAO,2
2020/2021,3,6.05,PA,MINERACAO,65
2020/2021,4,0.94,AM,MINERACAO,9
2020/2021,4,0.31,MT,MINERACAO,3
2020/2021,4,8.32,PA,MINERACAO,91
2020/2021,4,0.22,RO,MINERACAO,1
2020/2021,4,0.08,RR,MINERACAO,1
2020/2021,5,0.92,AM,MINERACAO,11
2020/2021,5,0.32,MA,MINERACAO,3
2020/2021,5,2.89,MT,MINERACAO,27
2020/2021,5,33.39,PA,MINERACAO,344
2020/2021,5,0.42,RO,MINERACAO,7
2020/2021,6,0.59,AM,MINERACAO,6
2024/2025,4,1.49,PA,MINERACAO,14
2020/2021,6,0.25,AP,MINERACAO,2
2020/2021,6,1.32,MT,MINERACAO,14
2020/2021,6,21.68,PA,MINERACAO,245
2020/2021,6,0.55,RO,MINERACAO,7
2024/2025,4,0.16,MT,MINERACAO,2
2020/2021,6,0.08,RR,MINERACAO,1
2020/2021,7,1.11,AM,MINERACAO,14
2020/2021,7,0.2,MA,MINERACAO,1
2020/2021,7,1.55,MT,MINERACAO,19
2020/2021,7,13.05,PA,MINERACAO,156
2020/2021,7,0.11,RO,MINERACAO,1
2021/2022,8,4.14,AM,MINERACAO,41
2021/2022,8,0.26,AP,MINERACAO,4
2021/2022,8,0.16,MT,MINERACAO,1
2021/2022,8,2.64,PA,MINERACAO,39
2024/2025,4,0.83,AM,MINERACAO,7
2021/2022,9,2.16,AM,MINERACAO,14
2021/2022,9,0.08,AP,MINERACAO,1
2021/2022,9,0.18,MT,MINERACAO,2
2021/2022,9,3.5,PA,MINERACAO,42
2021/2022,9,0.57,RR,MINERACAO,5
2021/2022,10,2.63,AM,MINERACAO,23
2021/2022,10,0.2,AP,MINERACAO,2
2021/2022,10,5.69,PA,MINERACAO,68
2021/2022,11,0.54,PA,MINERACAO,7
2021/2022,12,0.18,AM,MINERACAO,2
2021/2022,12,0.07,AP,MINERACAO,1
2021/2022,12,0.89,PA,MINERACAO,7
2021/2022,12,0.17,RR,MINERACAO,2
2024/2025,3,0.12,RO,MINERACAO,1
2021/2022,1,0.34,AM,MINERACAO,3
2021/2022,1,3.07,PA,MINERACAO,34
2021/2022,1,0.07,RO,MINERACAO,1
2024/2025,3,2.88,PA,MINERACAO,30
2021/2022,2,2.47,PA,MINERACAO,27
2021/2022,3,0.3,MT,MINERACAO,5
2021/2022,3,2.17,PA,MINERACAO,17
2021/2022,4,0.42,AM,MINERACAO,7
2021/2022,4,0.46,MT,MINERACAO,5
2024/2025,3,0.45,MT,MINERACAO,5
2021/2022,4,7.72,PA,MINERACAO,80
2021/2022,4,0.26,RR,MINERACAO,3
2021/2022,5,0.4,AM,MINERACAO,5
2021/2022,5,0.31,MA,MINERACAO,2
2021/2022,5,0.07,MT,MINERACAO,1
2024/2025,10,0.17,AM,MINERACAO,2
2021/2022,5,0.19,RR,MINERACAO,2
2024/2025,3,0.1,AM,MINERACAO,1
2021/2022,6,3.99,AM,MINERACAO,22
2021/2022,6,0.11,MA,MINERACAO,1
2021/2022,6,0.06,MT,MINERACAO,1
2021/2022,6,6.99,PA,MINERACAO,77
2021/2022,6,0.08,RO,MINERACAO,1
2021/2022,6,0.54,RR,MINERACAO,2
2021/2022,7,1.91,AM,MINERACAO,18
2021/2022,7,0.53,AP,MINERACAO,3
2021/2022,7,0.33,MA,MINERACAO,2
2021/2022,7,0.45,MT,MINERACAO,5
2021/2022,7,8.65,PA,MINERACAO,92
2021/2022,7,0.11,RO,MINERACAO,1
2022/2023,8,1.24,AM,MINERACAO,13
2022/2023,8,4.09,PA,MINERACAO,46
2022/2023,8,0.46,RR,MINERACAO,5
2022/2023,9,1.26,PA,MINERACAO,16
2022/2023,10,0.14,AM,MINERACAO,2
2022/2023,10,0.18,AP,MINERACAO,2
2022/2023,10,1.23,PA,MINERACAO,13
2022/2023,11,0.35,AM,MINERACAO,4
2022/2023,11,0.15,AP,MINERACAO,1
2022/2023,11,0.27,MT,MINERACAO,1
2022/2023,11,2.38,PA,MINERACAO,30
2022/2023,11,0.87,RO,MINERACAO,7
2022/2023,11,0.29,RR,MINERACAO,2
2022/2023,12,0.63,AM,MINERACAO,7
2022/2023,12,0.44,PA,MINERACAO,4
2022/2023,1,0.22,AM,MINERACAO,2
2022/2023,1,0.13,AP,MINERACAO,1
2022/2023,1,1.53,PA,MINERACAO,13
2022/2023,2,0.4,AM,MINERACAO,6
2024/2025,1,0.54,PA,MINERACAO,6
2022/2023,2,8.49,PA,MINERACAO,76
2022/2023,2,0.26,RR,MINERACAO,3
2022/2023,3,2.18,AM,MINERACAO,15
2022/2023,3,0.58,AP,MINERACAO,8
2024/2025,1,1.11,MT,MINERACAO,6
2022/2023,3,0.41,MT,MINERACAO,6
2022/2023,3,5.19,PA,MINERACAO,57
2022/2023,3,1.92,RR,MINERACAO,18
2022/2023,4,0.96,AM,MINERACAO,8
2022/2023,4,0.79,MT,MINERACAO,7
2022/2023,4,4.01,PA,MINERACAO,41
2022/2023,4,1.24,RR,MINERACAO,13
2022/2023,5,0.52,AM,MINERACAO,7
2024/2025,1,1.12,AM,MINERACAO,7
2022/2023,5,1.57,AP,MINERACAO,14
2022/2023,5,0.61,MT,MINERACAO,9
2022/2023,5,9.02,PA,MINERACAO,93
2022/2023,5,0.11,RO,MINERACAO,1
2022/2023,5,0.11,RR,MINERACAO,1
2022/2023,6,3.04,AM,MINERACAO,31
2022/2023,6,1.29,AP,MINERACAO,15
2022/2023,6,0.95,MT,MINERACAO,13
2022/2023,6,15.24,PA,MINERACAO,174
2022/2023,6,0.08,RO,MINERACAO,1
2022/2023,7,5.03,AM,MINERACAO,39
2022/2023,7,0.58,MT,MINERACAO,6
2022/2023,7,4.23,PA,MINERACAO,57
2023/2024,8,3.45,AM,MINERACAO,27
2024/2025,12,0.14,PA,MINERACAO,2
2023/2024,8,1.07,AP,MINERACAO,11
2023/2024,8,0.09,MA,MINERACAO,1
2023/2024,8,0.54,MT,MINERACAO,6
2023/2024,8,1.28,PA,MINERACAO,14
2023/2024,8,0.09,RR,MINERACAO,1
2023/2024,9,10.91,AM,MINERACAO,81
2023/2024,9,1.41,AP,MINERACAO,10
2023/2024,9,0.32,MT,MINERACAO,5
2023/2024,9,2.36,PA,MINERACAO,25
2023/2024,10,1.33,AM,MINERACAO,10
2023/2024,10,0.16,AP,MINERACAO,2
2023/2024,10,0.1,MT,MINERACAO,1
2024/2025,12,0.16,AM,MINERACAO,2
2023/2024,10,2.98,PA,MINERACAO,24
2023/2024,11,0.27,AM,MINERACAO,3
2023/2024,11,0.07,AP,MINERACAO,1
2023/2024,11,0.06,MT,MINERACAO,1
2023/2024,11,0.14,PA,MINERACAO,2
2023/2024,11,0.11,RO,MINERACAO,1
2023/2024,12,0.31,AM,MINERACAO,3
2023/2024,12,0.35,AP,MINERACAO,4
2023/2024,12,0.78,MT,MINERACAO,6
2023/2024,12,0.8,PA,MINERACAO,10
2023/2024,1,0.64,AM,MINERACAO,6
2023/2024,1,0.25,PA,MINERACAO,3
2023/2024,1,0.47,RR,MINERACAO,6
2024/2025,11,0.54,PA,MINERACAO,7
2023/2024,2,0.33,AM,MINERACAO,3
2023/2024,2,0.6,AP,MINERACAO,7
2023/2024,2,0.78,MT,MINERACAO,10
2023/2024,2,1.81,PA,MINERACAO,20
2023/2024,2,0.13,RR,MINERACAO,2
2023/2024,3,0.44,MT,MINERACAO,6
2023/2024,3,1.08,PA,MINERACAO,14
2023/2024,3,0.08,RR,MINERACAO,2
2023/2024,4,0.11,AM,MINERACAO,1
2023/2024,4,0.49,AP,MINERACAO,5
2023/2024,4,2.4,MT,MINERACAO,24
2023/2024,4,1.95,PA,MINERACAO,21
2023/2024,4,0.22,RO,MINERACAO,2
2023/2024,4,0.08,RR,MINERACAO,1
2024/2025,11,0.55,AP,MINERACAO,7
2023/2024,5,1.28,AM,MINERACAO,13
2023/2024,5,0.31,AP,MINERACAO,3
2023/2024,5,0.12,MA,MINERACAO,1
2024/2025,11,0.1,AM,MINERACAO,1
2023/2024,5,2.17,MT,MINERACAO,29
2023/2024,5,11.25,PA,MINERACAO,125
2023/2024,5,0.53,RO,MINERACAO,6
2023/2024,6,0.14,AC,MINERACAO,1
2023/2024,6,3.71,AM,MINERACAO,31
2023/2024,6,1.34,AP,MINERACAO,13
2023/2024,6,1.18,MT,MINERACAO,14
2023/2024,6,11.88,PA,MINERACAO,138
2023/2024,6,0.08,RO,MINERACAO,1
2023/2024,6,0.07,RR,MINERACAO,1
2023/2024,7,2.41,AM,MINERACAO,25
2023/2024,7,0.5,AP,MINERACAO,8
2023/2024,7,0.57,MT,MINERACAO,8
2023/2024,7,7.76,PA,MINERACAO,112
2023/2024,7,0.11,RO,MINERACAO,1
2024/2025,8,0.7,AM,MINERACAO,7
2024/2025,8,0.26,AP,MINERACAO,3
2024/2025,8,0.53,MT,MINERACAO,6
2024/2025,10,0.96,PA,MINERACAO,10
2024/2025,8,1.08,PA,MINERACAO,14
2024/2025,8,0.17,RR,MINERACAO,1
2024/2025,9,0.33,AM,MINERACAO,4
2024/2025,9,0.29,AP,MINERACAO,4
2024/2025,9,0.59,MT,MINERACAO,5
2024/2025,10,0.19,MT,MINERACAO,1
2024/2025,9,1.05,PA,MINERACAO,16
2021/2022,5,8.48,PA,MINERACAO,104
2018/2019,4,2.37,AC,DESMATAMENTO_VEG,22
2015/2016,11,1.08,PA,DESMATAMENTO_VEG,5
2017/2018,7,6.26,AM,DESMATAMENTO_VEG,55
2017/2018,7,0.47,AP,DESMATAMENTO_VEG,3
2017/2018,7,0.23,MA,DESMATAMENTO_VEG,1
2015/2016,6,4.84,AM,DESMATAMENTO_VEG,34
2015/2016,9,2.44,RR,DESMATAMENTO_VEG,20
2017/2018,7,1.25,MT,DESMATAMENTO_VEG,2
2025/2026,8,0.29,MA,DESMATAMENTO_VEG,1
2017/2018,7,8.31,PA,DESMATAMENTO_VEG,53
2015/2016,6,5.4,MT,DESMATAMENTO_VEG,28
2017/2018,7,1.86,RO,DESMATAMENTO_VEG,8
2025/2026,9,1.24,RR,DESMATAMENTO_VEG,4
2017/2018,7,3.2,RR,DESMATAMENTO_VEG,13
2018/2019,8,2.76,AC,DESMATAMENTO_VEG,30
2018/2019,8,4.64,AM,DESMATAMENTO_VEG,52
2018/2019,8,0.06,AP,DESMATAMENTO_VEG,1
2015/2016,6,132.51,PA,DESMATAMENTO_VEG,356
2018/2019,8,1.63,MA,DESMATAMENTO_VEG,12
2018/2019,8,2.44,MT,DESMATAMENTO_VEG,18
2017/2018,6,5.77,RO,DESMATAMENTO_VEG,22
2025/2026,8,0.74,AM,DESMATAMENTO_VEG,5
2018/2019,8,4.52,PA,DESMATAMENTO_VEG,48
2018/2019,8,4.5,RO,DESMATAMENTO_VEG,17
2018/2019,8,1.64,RR,DESMATAMENTO_VEG,12
2015/2016,6,4.79,RO,DESMATAMENTO_VEG,27
2018/2019,9,1.22,AC,DESMATAMENTO_VEG,13
2018/2019,9,6.18,AM,DESMATAMENTO_VEG,65
2018/2019,9,1.32,MT,DESMATAMENTO_VEG,5
2015/2016,6,0.12,RR,DESMATAMENTO_VEG,1
2018/2019,9,1.42,PA,DESMATAMENTO_VEG,17
2015/2016,10,0.94,AC,DESMATAMENTO_VEG,9
2024/2025,9,0.31,PA,DESMATAMENTO_VEG,1
2018/2019,9,0.24,RO,DESMATAMENTO_VEG,3
2015/2016,6,10.07,TO,DESMATAMENTO_VEG,1
2018/2019,9,1.79,RR,DESMATAMENTO_VEG,11
2017/2018,6,37.16,PA,DESMATAMENTO_VEG,177
2018/2019,10,0.84,AC,DESMATAMENTO_VEG,10
2018/2019,10,2.73,AM,DESMATAMENTO_VEG,31
2024/2025,9,0.28,MT,DESMATAMENTO_VEG,1
2018/2019,10,1.59,MT,DESMATAMENTO_VEG,5
2025/2026,8,0.57,AC,DESMATAMENTO_VEG,5
2018/2019,10,5.89,PA,DESMATAMENTO_VEG,20
2018/2019,10,0.37,RO,DESMATAMENTO_VEG,4
2015/2016,8,7.73,MT,DESMATAMENTO_VEG,15
2015/2016,7,1.21,AM,DESMATAMENTO_VEG,8
2018/2019,10,2.33,RR,DESMATAMENTO_VEG,22
2015/2016,6,0.33,AC,DESMATAMENTO_VEG,3
2015/2016,10,1.15,AM,DESMATAMENTO_VEG,6
2017/2018,6,3.43,MT,DESMATAMENTO_VEG,24
2018/2019,11,2.24,AM,DESMATAMENTO_VEG,12
2018/2019,11,2.05,MT,DESMATAMENTO_VEG,3
2015/2016,7,2.83,MA,DESMATAMENTO_VEG,10
2018/2019,11,0.36,PA,DESMATAMENTO_VEG,4
2018/2019,11,0.52,RR,DESMATAMENTO_VEG,3
2018/2019,12,2.48,MT,DESMATAMENTO_VEG,1
2018/2019,12,0.14,PA,DESMATAMENTO_VEG,2
2018/2019,12,0.07,RO,DESMATAMENTO_VEG,1
2024/2025,7,0.57,TO,DESMATAMENTO_VEG,1
2018/2019,12,0.67,RR,DESMATAMENTO_VEG,1
2018/2019,1,0.11,AC,DESMATAMENTO_VEG,1
2018/2019,1,3.48,AM,DESMATAMENTO_VEG,34
2015/2016,7,0.59,MT,DESMATAMENTO_VEG,5
2018/2019,1,0.21,MT,DESMATAMENTO_VEG,2
2018/2019,1,0.76,PA,DESMATAMENTO_VEG,5
2017/2018,6,0.89,MA,DESMATAMENTO_VEG,4
2024/2025,7,0.34,RR,DESMATAMENTO_VEG,2
2018/2019,1,0.26,RO,DESMATAMENTO_VEG,3
2018/2019,1,0.08,RR,DESMATAMENTO_VEG,1
2018/2019,2,0.41,AC,DESMATAMENTO_VEG,4
2018/2019,2,2.58,AM,DESMATAMENTO_VEG,26
2018/2019,2,5.11,MT,DESMATAMENTO_VEG,31
2024/2025,7,1.86,RO,DESMATAMENTO_VEG,4
2024/2025,8,0.72,PA,DESMATAMENTO_VEG,5
2018/2019,2,3.77,PA,DESMATAMENTO_VEG,24
2015/2016,7,9.89,PA,DESMATAMENTO_VEG,59
2018/2019,2,1.57,RO,DESMATAMENTO_VEG,15
2017/2018,6,0.08,AP,DESMATAMENTO_VEG,1
2018/2019,2,0.76,RR,DESMATAMENTO_VEG,4
2018/2019,3,0.25,AC,DESMATAMENTO_VEG,3
2018/2019,3,3.69,AM,DESMATAMENTO_VEG,30
2015/2016,10,0.44,MT,DESMATAMENTO_VEG,5
2018/2019,3,3.37,MT,DESMATAMENTO_VEG,8
2018/2019,3,6.3,PA,DESMATAMENTO_VEG,16
2017/2018,6,7.66,AM,DESMATAMENTO_VEG,62
2015/2016,7,1.06,RO,DESMATAMENTO_VEG,5
2018/2019,3,2.38,RO,DESMATAMENTO_VEG,18
2015/2016,8,23.31,PA,DESMATAMENTO_VEG,127
2018/2019,3,0.1,RR,DESMATAMENTO_VEG,1
2024/2025,8,0.7,AP,DESMATAMENTO_VEG,4
2018/2019,4,4.85,AM,DESMATAMENTO_VEG,29
2024/2025,7,26.12,PA,DESMATAMENTO_VEG,63
2018/2019,4,1.4,MT,DESMATAMENTO_VEG,10
2017/2018,6,11.94,AC,DESMATAMENTO_VEG,55
2015/2016,10,0.55,PA,DESMATAMENTO_VEG,5
2024/2025,8,0.07,AM,DESMATAMENTO_VEG,1
2018/2019,4,4.48,PA,DESMATAMENTO_VEG,35
2018/2019,4,0.81,RO,DESMATAMENTO_VEG,6
2016/2017,8,0.09,AC,DESMATAMENTO_VEG,1
2018/2019,5,1.68,AC,DESMATAMENTO_VEG,15
2018/2019,5,11.99,AM,DESMATAMENTO_VEG,61
2015/2016,8,3.28,AM,DESMATAMENTO_VEG,32
2018/2019,5,0.28,MA,DESMATAMENTO_VEG,1
2015/2016,9,2.02,RO,DESMATAMENTO_VEG,8
2018/2019,5,18.78,MT,DESMATAMENTO_VEG,44
2016/2017,8,0.72,AM,DESMATAMENTO_VEG,5
2018/2019,5,41.49,PA,DESMATAMENTO_VEG,129
2024/2025,7,10.18,MT,DESMATAMENTO_VEG,22
2025/2026,9,0.18,RO,DESMATAMENTO_VEG,1
2018/2019,5,6.81,RO,DESMATAMENTO_VEG,36
2018/2019,6,1.04,AC,DESMATAMENTO_VEG,9
2018/2019,6,6.67,AM,DESMATAMENTO_VEG,52
2023/2024,7,0.28,RO,DESMATAMENTO_VEG,2
2018/2019,6,9.82,MT,DESMATAMENTO_VEG,33
2016/2017,8,0.1,AP,DESMATAMENTO_VEG,1
2018/2019,6,36.13,PA,DESMATAMENTO_VEG,141
2018/2019,6,14.25,RO,DESMATAMENTO_VEG,82
2015/2016,10,1.1,RO,DESMATAMENTO_VEG,9
2018/2019,6,0.07,RR,DESMATAMENTO_VEG,1
2023/2024,7,20.46,PA,DESMATAMENTO_VEG,120
2018/2019,7,5.59,AC,DESMATAMENTO_VEG,51
2018/2019,7,18.49,AM,DESMATAMENTO_VEG,116
2018/2019,7,3.42,AP,DESMATAMENTO_VEG,41
2025/2026,8,1.44,MT,DESMATAMENTO_VEG,2
2017/2018,5,29.59,RO,DESMATAMENTO_VEG,93
2016/2017,8,0.14,MT,DESMATAMENTO_VEG,1
2023/2024,7,0.56,MT,DESMATAMENTO_VEG,3
2018/2019,7,5.93,MT,DESMATAMENTO_VEG,15
2018/2019,7,182.75,PA,DESMATAMENTO_VEG,832
2016/2017,8,11.15,PA,DESMATAMENTO_VEG,56
2018/2019,7,7.18,RO,DESMATAMENTO_VEG,28
2018/2019,7,2.5,RR,DESMATAMENTO_VEG,13
2023/2024,7,0.36,MA,DESMATAMENTO_VEG,3
2015/2016,10,0.31,RR,DESMATAMENTO_VEG,2
2019/2020,8,1.57,AC,DESMATAMENTO_VEG,15
2015/2016,5,3.94,RO,DESMATAMENTO_VEG,23
2019/2020,8,7.56,AM,DESMATAMENTO_VEG,70
2019/2020,8,1.32,AP,DESMATAMENTO_VEG,15
2017/2018,5,39.51,PA,DESMATAMENTO_VEG,93
2019/2020,8,0.18,MA,DESMATAMENTO_VEG,1
2023/2024,7,2.65,AM,DESMATAMENTO_VEG,27
2016/2017,8,0.13,RO,DESMATAMENTO_VEG,1
2019/2020,8,0.48,MT,DESMATAMENTO_VEG,2
2024/2025,7,5.61,AM,DESMATAMENTO_VEG,21
2019/2020,8,14.1,PA,DESMATAMENTO_VEG,66
2016/2017,8,0.78,RR,DESMATAMENTO_VEG,3
2023/2024,7,3.83,AC,DESMATAMENTO_VEG,39
2019/2020,8,6.87,RR,DESMATAMENTO_VEG,16
2015/2016,11,1.96,AC,DESMATAMENTO_VEG,20
2015/2016,8,1.2,RO,DESMATAMENTO_VEG,10
2019/2020,9,0.65,MT,DESMATAMENTO_VEG,2
2016/2017,9,0.35,AM,DESMATAMENTO_VEG,4
2019/2020,9,2.76,PA,DESMATAMENTO_VEG,19
2015/2016,11,0.46,AM,DESMATAMENTO_VEG,4
2019/2020,9,1.47,RO,DESMATAMENTO_VEG,2
2016/2017,9,0.15,AP,DESMATAMENTO_VEG,2
2019/2020,9,8.77,RR,DESMATAMENTO_VEG,11
2023/2024,6,3.55,RO,DESMATAMENTO_VEG,14
2015/2016,11,1.49,MA,DESMATAMENTO_VEG,5
2024/2025,7,1.01,AC,DESMATAMENTO_VEG,9
2017/2018,5,3.17,MT,DESMATAMENTO_VEG,8
2019/2020,10,2.32,PA,DESMATAMENTO_VEG,7
2019/2020,10,0.63,RO,DESMATAMENTO_VEG,2
2023/2024,6,22.76,PA,DESMATAMENTO_VEG,66
2019/2020,10,3.71,RR,DESMATAMENTO_VEG,14
2019/2020,11,1.96,AC,DESMATAMENTO_VEG,7
2019/2020,11,1.93,AM,DESMATAMENTO_VEG,9
2016/2017,9,0.89,PA,DESMATAMENTO_VEG,7
2015/2016,11,3.4,MT,DESMATAMENTO_VEG,13
2019/2020,11,1.06,MT,DESMATAMENTO_VEG,8
2023/2024,6,3.9,MT,DESMATAMENTO_VEG,6
2019/2020,11,1.42,PA,DESMATAMENTO_VEG,11
2019/2020,11,0.46,RO,DESMATAMENTO_VEG,3
2019/2020,11,0.34,RR,DESMATAMENTO_VEG,2
2015/2016,5,28.02,PA,DESMATAMENTO_VEG,83
2019/2020,12,1.47,AM,DESMATAMENTO_VEG,5
2023/2024,6,0.59,MA,DESMATAMENTO_VEG,2
2015/2016,4,35.38,PA,DESMATAMENTO_VEG,28
2019/2020,12,0.41,MT,DESMATAMENTO_VEG,3
2019/2020,12,1.52,PA,DESMATAMENTO_VEG,11
2016/2017,10,0.07,AC,DESMATAMENTO_VEG,1
2023/2024,6,0.07,AP,DESMATAMENTO_VEG,1
2015/2016,8,3.04,RR,DESMATAMENTO_VEG,20
2019/2020,12,0.38,RO,DESMATAMENTO_VEG,2
2019/2020,12,0.26,RR,DESMATAMENTO_VEG,1
2024/2025,6,2.4,RO,DESMATAMENTO_VEG,7
2023/2024,6,5.96,AM,DESMATAMENTO_VEG,40
2019/2020,1,1.87,AC,DESMATAMENTO_VEG,19
2019/2020,1,2.91,AM,DESMATAMENTO_VEG,24
2016/2017,10,0.18,AM,DESMATAMENTO_VEG,1
2017/2018,5,4.72,AM,DESMATAMENTO_VEG,21
2019/2020,1,3.87,MT,DESMATAMENTO_VEG,15
2025/2026,9,9.04,PA,DESMATAMENTO_VEG,30
2023/2024,6,4.17,AC,DESMATAMENTO_VEG,34
2019/2020,1,3.59,PA,DESMATAMENTO_VEG,26
2019/2020,1,1.18,RO,DESMATAMENTO_VEG,3
2019/2020,1,1.27,RR,DESMATAMENTO_VEG,14
2019/2020,2,1.3,AM,DESMATAMENTO_VEG,8
2024/2025,6,33.14,PA,DESMATAMENTO_VEG,57
2017/2018,5,1.23,AC,DESMATAMENTO_VEG,9
2015/2016,11,1.61,RO,DESMATAMENTO_VEG,13
2023/2024,5,6.5,RO,DESMATAMENTO_VEG,56
2016/2017,10,0.83,MA,DESMATAMENTO_VEG,1
2019/2020,2,0.26,PA,DESMATAMENTO_VEG,3
2019/2020,2,0.15,RO,DESMATAMENTO_VEG,2
2019/2020,3,4.59,AC,DESMATAMENTO_VEG,56
2019/2020,3,0.48,AM,DESMATAMENTO_VEG,3
2024/2025,6,105.51,MT,DESMATAMENTO_VEG,56
2023/2024,5,17.75,PA,DESMATAMENTO_VEG,77
2019/2020,3,0.2,PA,DESMATAMENTO_VEG,2
2015/2016,11,0.08,RR,DESMATAMENTO_VEG,1
2019/2020,3,0.19,RO,DESMATAMENTO_VEG,2
2019/2020,4,1.23,AC,DESMATAMENTO_VEG,14
2019/2020,4,0.12,AM,DESMATAMENTO_VEG,1
2024/2025,11,0.1,AM,DESMATAMENTO_VEG,1
2023/2024,5,70.9,MT,DESMATAMENTO_VEG,99
2016/2017,10,0.63,PA,DESMATAMENTO_VEG,5
2019/2020,4,1.1,MT,DESMATAMENTO_VEG,3
2019/2020,4,5.31,PA,DESMATAMENTO_VEG,12
2019/2020,4,1.19,RO,DESMATAMENTO_VEG,9
2015/2016,12,2.01,AC,DESMATAMENTO_VEG,21
2019/2020,5,1.49,AC,DESMATAMENTO_VEG,19
2023/2024,5,0.34,MA,DESMATAMENTO_VEG,3
2019/2020,5,1.93,AM,DESMATAMENTO_VEG,8
2019/2020,5,0.35,AP,DESMATAMENTO_VEG,3
2019/2020,5,0.24,MA,DESMATAMENTO_VEG,1
2016/2017,10,0.24,RR,DESMATAMENTO_VEG,2
2023/2024,5,0.37,AP,DESMATAMENTO_VEG,1
2019/2020,5,6.12,MT,DESMATAMENTO_VEG,14
2023/2024,5,8.73,AM,DESMATAMENTO_VEG,52
2024/2025,6,0.49,AP,DESMATAMENTO_VEG,2
2019/2020,5,11.58,PA,DESMATAMENTO_VEG,48
2019/2020,5,1.54,RO,DESMATAMENTO_VEG,9
2017/2018,4,8.05,RO,DESMATAMENTO_VEG,20
2023/2024,5,1.92,AC,DESMATAMENTO_VEG,20
2024/2025,6,5.31,AM,DESMATAMENTO_VEG,24
2019/2020,6,4.78,AC,DESMATAMENTO_VEG,46
2019/2020,6,5.11,AM,DESMATAMENTO_VEG,45
2019/2020,6,0.13,AP,DESMATAMENTO_VEG,1
2019/2020,6,0.85,MA,DESMATAMENTO_VEG,6
2019/2020,6,1.09,MT,DESMATAMENTO_VEG,7
2019/2020,6,81.96,PA,DESMATAMENTO_VEG,533
2024/2025,6,3.46,AC,DESMATAMENTO_VEG,19
2023/2024,4,0.14,RO,DESMATAMENTO_VEG,2
2019/2020,6,3.55,RO,DESMATAMENTO_VEG,20
2019/2020,6,0.08,RR,DESMATAMENTO_VEG,1
2019/2020,7,5.47,AC,DESMATAMENTO_VEG,52
2019/2020,7,7.94,AM,DESMATAMENTO_VEG,42
2023/2024,4,0.9,PA,DESMATAMENTO_VEG,8
2019/2020,7,0.2,AP,DESMATAMENTO_VEG,1
2019/2020,7,0.5,MA,DESMATAMENTO_VEG,3
2017/2018,4,17.1,PA,DESMATAMENTO_VEG,45
2019/2020,7,5.54,MT,DESMATAMENTO_VEG,17
2016/2017,11,0.33,MT,DESMATAMENTO_VEG,2
2023/2024,4,1.27,MT,DESMATAMENTO_VEG,10
2019/2020,7,35.26,PA,DESMATAMENTO_VEG,251
2015/2016,12,14.68,MT,DESMATAMENTO_VEG,9
2015/2016,8,0.41,TO,DESMATAMENTO_VEG,1
2015/2016,5,11.44,MT,DESMATAMENTO_VEG,20
2019/2020,7,1.61,RO,DESMATAMENTO_VEG,13
2019/2020,7,0.27,RR,DESMATAMENTO_VEG,3
2017/2018,4,12.15,MT,DESMATAMENTO_VEG,33
2020/2021,8,1.42,AC,DESMATAMENTO_VEG,18
2023/2024,4,0.08,AP,DESMATAMENTO_VEG,1
2020/2021,8,1.63,AM,DESMATAMENTO_VEG,12
2024/2025,5,2.53,RO,DESMATAMENTO_VEG,18
2015/2016,12,2.67,PA,DESMATAMENTO_VEG,9
2020/2021,8,0.07,AP,DESMATAMENTO_VEG,1
2023/2024,4,0.79,AM,DESMATAMENTO_VEG,3
2020/2021,8,0.17,MA,DESMATAMENTO_VEG,1
2017/2018,7,2.49,AC,DESMATAMENTO_VEG,18
2016/2017,11,0.82,RO,DESMATAMENTO_VEG,5
2023/2024,4,0.48,AC,DESMATAMENTO_VEG,6
2020/2021,8,1.21,MT,DESMATAMENTO_VEG,3
2020/2021,8,1.85,PA,DESMATAMENTO_VEG,15
2016/2017,11,1.09,RR,DESMATAMENTO_VEG,4
2020/2021,8,0.42,RO,DESMATAMENTO_VEG,2
2020/2021,8,0.97,RR,DESMATAMENTO_VEG,8
2015/2016,12,0.15,RO,DESMATAMENTO_VEG,1
2020/2021,9,0.14,AC,DESMATAMENTO_VEG,1
2023/2024,3,0.29,RO,DESMATAMENTO_VEG,2
2024/2025,5,5.67,PA,DESMATAMENTO_VEG,25
2020/2021,9,1.37,PA,DESMATAMENTO_VEG,6
2020/2021,9,1.81,RR,DESMATAMENTO_VEG,6
2024/2025,5,476.7,MT,DESMATAMENTO_VEG,128
2023/2024,3,1.6,PA,DESMATAMENTO_VEG,9
2020/2021,10,0.84,RR,DESMATAMENTO_VEG,5
2015/2016,1,5.03,AC,DESMATAMENTO_VEG,51
2020/2021,11,1.3,PA,DESMATAMENTO_VEG,3
2017/2018,4,0.74,MA,DESMATAMENTO_VEG,5
2024/2025,5,0.27,MA,DESMATAMENTO_VEG,1
2016/2017,3,0.21,MT,DESMATAMENTO_VEG,1
2023/2024,3,2.99,MT,DESMATAMENTO_VEG,15
2020/2021,11,1.02,RO,DESMATAMENTO_VEG,3
2025/2026,9,0.12,MT,DESMATAMENTO_VEG,1
2020/2021,11,1.36,RR,DESMATAMENTO_VEG,6
2020/2021,12,0.14,AM,DESMATAMENTO_VEG,1
2017/2018,4,0.12,AP,DESMATAMENTO_VEG,1
2020/2021,12,0.76,PA,DESMATAMENTO_VEG,2
2024/2025,5,2.38,AM,DESMATAMENTO_VEG,19
2023/2024,3,3.77,AM,DESMATAMENTO_VEG,37
2016/2017,4,1.64,MT,DESMATAMENTO_VEG,7
2016/2017,4,1.75,PA,DESMATAMENTO_VEG,4
2025/2026,8,3.75,PA,DESMATAMENTO_VEG,24
2017/2018,4,8.01,AM,DESMATAMENTO_VEG,30
2023/2024,3,1.93,AC,DESMATAMENTO_VEG,20
2016/2017,4,0.64,RO,DESMATAMENTO_VEG,3
2024/2025,5,1.87,AC,DESMATAMENTO_VEG,10
2020/2021,3,0.29,RR,DESMATAMENTO_VEG,1
2020/2021,4,0.08,MT,DESMATAMENTO_VEG,1
2023/2024,2,1.33,RR,DESMATAMENTO_VEG,15
2016/2017,5,2.18,AM,DESMATAMENTO_VEG,3
2020/2021,4,8.62,PA,DESMATAMENTO_VEG,12
2015/2016,1,1.75,AM,DESMATAMENTO_VEG,18
2023/2024,2,0.4,RO,DESMATAMENTO_VEG,3
2024/2025,4,0.12,RR,DESMATAMENTO_VEG,1
2020/2021,5,2.87,AC,DESMATAMENTO_VEG,28
2020/2021,5,3.86,AM,DESMATAMENTO_VEG,26
2015/2016,9,1.68,PA,DESMATAMENTO_VEG,12
2020/2021,5,0.15,AP,DESMATAMENTO_VEG,2
2023/2024,2,1.05,PA,DESMATAMENTO_VEG,10
2020/2021,5,1,MA,DESMATAMENTO_VEG,7
2020/2021,5,6.71,MT,DESMATAMENTO_VEG,16
2024/2025,4,0.3,RO,DESMATAMENTO_VEG,2
2017/2018,4,5.64,AC,DESMATAMENTO_VEG,56
2020/2021,5,33.1,PA,DESMATAMENTO_VEG,145
2016/2017,5,2.64,MT,DESMATAMENTO_VEG,7
2023/2024,2,0.78,MT,DESMATAMENTO_VEG,6
2020/2021,5,1.61,RO,DESMATAMENTO_VEG,10
2020/2021,6,2.43,AC,DESMATAMENTO_VEG,23
2020/2021,6,5.47,AM,DESMATAMENTO_VEG,39
2016/2017,5,2.15,PA,DESMATAMENTO_VEG,9
2020/2021,6,0.21,AP,DESMATAMENTO_VEG,3
2024/2025,4,0.84,PA,DESMATAMENTO_VEG,7
2020/2021,6,4,MT,DESMATAMENTO_VEG,14
2016/2017,5,0.84,RO,DESMATAMENTO_VEG,7
2020/2021,6,14.28,PA,DESMATAMENTO_VEG,54
2023/2024,2,0.55,AP,DESMATAMENTO_VEG,7
2020/2021,6,4.02,RO,DESMATAMENTO_VEG,24
2024/2025,4,0.34,MT,DESMATAMENTO_VEG,1
2017/2018,3,0.09,RR,DESMATAMENTO_VEG,1
2024/2025,11,0.38,PA,DESMATAMENTO_VEG,1
2023/2024,2,3.99,AM,DESMATAMENTO_VEG,45
2020/2021,7,1.83,AC,DESMATAMENTO_VEG,15
2016/2017,6,0.06,AC,DESMATAMENTO_VEG,1
2020/2021,7,1.79,AM,DESMATAMENTO_VEG,14
2015/2016,1,0.18,MT,DESMATAMENTO_VEG,2
2020/2021,7,0.28,MA,DESMATAMENTO_VEG,1
2020/2021,7,0.98,MT,DESMATAMENTO_VEG,3
2016/2017,6,4.98,AM,DESMATAMENTO_VEG,21
2023/2024,1,0.17,RR,DESMATAMENTO_VEG,2
2017/2018,1,21.04,MT,DESMATAMENTO_VEG,5
2020/2021,7,7.92,PA,DESMATAMENTO_VEG,37
2015/2016,9,0.07,AC,DESMATAMENTO_VEG,1
2020/2021,7,0.5,RO,DESMATAMENTO_VEG,4
2017/2018,3,1.51,RO,DESMATAMENTO_VEG,6
2016/2017,6,5.87,MA,DESMATAMENTO_VEG,23
2021/2022,8,0.21,AC,DESMATAMENTO_VEG,2
2016/2017,6,2.13,MT,DESMATAMENTO_VEG,7
2023/2024,1,0.77,PA,DESMATAMENTO_VEG,2
2021/2022,8,3.59,PA,DESMATAMENTO_VEG,12
2021/2022,8,0.21,RO,DESMATAMENTO_VEG,1
2016/2017,6,62.68,PA,DESMATAMENTO_VEG,186
2021/2022,9,0.16,AM,DESMATAMENTO_VEG,2
2024/2025,4,2.51,AM,DESMATAMENTO_VEG,8
2016/2017,6,8.94,RO,DESMATAMENTO_VEG,36
2015/2016,1,3.04,RO,DESMATAMENTO_VEG,22
2016/2017,6,0.17,TO,DESMATAMENTO_VEG,2
2021/2022,9,0.43,PA,DESMATAMENTO_VEG,4
2015/2016,5,1.93,AM,DESMATAMENTO_VEG,15
2021/2022,9,0.09,RO,DESMATAMENTO_VEG,1
2021/2022,9,0.39,RR,DESMATAMENTO_VEG,3
2023/2024,1,0.29,AP,DESMATAMENTO_VEG,3
2024/2025,4,0.57,AC,DESMATAMENTO_VEG,5
2017/2018,3,8.18,PA,DESMATAMENTO_VEG,55
2016/2017,7,1.41,AM,DESMATAMENTO_VEG,7
2023/2024,1,6.3,AM,DESMATAMENTO_VEG,70
2021/2022,10,0.45,AM,DESMATAMENTO_VEG,1
2016/2017,7,0.87,MA,DESMATAMENTO_VEG,5
2015/2016,1,0.12,RR,DESMATAMENTO_VEG,1
2021/2022,10,4.76,PA,DESMATAMENTO_VEG,10
2016/2017,7,2.56,MT,DESMATAMENTO_VEG,13
2021/2022,11,0.35,AC,DESMATAMENTO_VEG,1
2021/2022,11,1.02,PA,DESMATAMENTO_VEG,2
2016/2017,7,36.6,PA,DESMATAMENTO_VEG,114
2015/2016,2,0.47,AC,DESMATAMENTO_VEG,5
2016/2017,7,5.83,RO,DESMATAMENTO_VEG,19
2025/2026,9,1.21,AM,DESMATAMENTO_VEG,5
2024/2025,3,0.24,RO,DESMATAMENTO_VEG,2
2016/2017,7,0.21,TO,DESMATAMENTO_VEG,1
2015/2016,2,0.82,AM,DESMATAMENTO_VEG,5
2021/2022,2,0.46,PA,DESMATAMENTO_VEG,2
2023/2024,12,0.2,PA,DESMATAMENTO_VEG,1
2024/2025,3,0.66,PA,DESMATAMENTO_VEG,3
2021/2022,3,0.23,MT,DESMATAMENTO_VEG,2
2021/2022,3,0.17,PA,DESMATAMENTO_VEG,1
2017/2018,3,9.95,MT,DESMATAMENTO_VEG,20
2021/2022,4,0.63,MT,DESMATAMENTO_VEG,5
2017/2018,8,0.81,PA,DESMATAMENTO_VEG,3
2021/2022,4,4.04,PA,DESMATAMENTO_VEG,14
2021/2022,5,0.35,AC,DESMATAMENTO_VEG,2
2021/2022,5,0.88,AM,DESMATAMENTO_VEG,3
2021/2022,5,4.68,PA,DESMATAMENTO_VEG,8
2021/2022,5,0.28,RO,DESMATAMENTO_VEG,2
2021/2022,6,0.53,AC,DESMATAMENTO_VEG,2
2021/2022,6,1.18,AM,DESMATAMENTO_VEG,12
2015/2016,5,0.57,AC,DESMATAMENTO_VEG,7
2015/2016,2,18.74,MT,DESMATAMENTO_VEG,16
2015/2016,9,0.82,AM,DESMATAMENTO_VEG,6
2021/2022,6,3.43,PA,DESMATAMENTO_VEG,12
2017/2018,3,0.31,MA,DESMATAMENTO_VEG,1
2021/2022,7,0.35,AC,DESMATAMENTO_VEG,2
2023/2024,12,0.18,AM,DESMATAMENTO_VEG,2
2021/2022,7,32.33,AM,DESMATAMENTO_VEG,20
2021/2022,7,0.66,MA,DESMATAMENTO_VEG,3
2015/2016,2,5.49,PA,DESMATAMENTO_VEG,7
2021/2022,7,12.61,MT,DESMATAMENTO_VEG,17
2021/2022,7,21.32,PA,DESMATAMENTO_VEG,83
2021/2022,7,1.61,RO,DESMATAMENTO_VEG,1
2015/2016,2,1.63,RO,DESMATAMENTO_VEG,7
2022/2023,8,0.77,AC,DESMATAMENTO_VEG,4
2022/2023,8,2.16,AM,DESMATAMENTO_VEG,23
2022/2023,8,7.18,MT,DESMATAMENTO_VEG,2
2022/2023,8,1.16,PA,DESMATAMENTO_VEG,7
2022/2023,8,3.95,RR,DESMATAMENTO_VEG,5
2017/2018,3,6.94,AM,DESMATAMENTO_VEG,20
2015/2016,8,0.59,MA,DESMATAMENTO_VEG,6
2022/2023,9,0.06,AM,DESMATAMENTO_VEG,1
2017/2018,10,0.48,AM,DESMATAMENTO_VEG,6
2025/2026,9,0.2,AC,DESMATAMENTO_VEG,2
2022/2023,9,0.07,PA,DESMATAMENTO_VEG,1
2022/2023,9,0.12,RR,DESMATAMENTO_VEG,1
2015/2016,3,0.46,AM,DESMATAMENTO_VEG,5
2024/2025,2,1.95,MA,DESMATAMENTO_VEG,1
2022/2023,10,0.11,MT,DESMATAMENTO_VEG,1
2015/2016,8,1.81,AC,DESMATAMENTO_VEG,16
2017/2018,10,0.11,RR,DESMATAMENTO_VEG,1
2015/2016,4,0.22,TO,DESMATAMENTO_VEG,2
2017/2018,3,6.72,AC,DESMATAMENTO_VEG,39
2022/2023,11,0.14,AC,DESMATAMENTO_VEG,2
2022/2023,11,0.09,AM,DESMATAMENTO_VEG,1
2017/2018,11,2.14,AC,DESMATAMENTO_VEG,22
2015/2016,3,13.25,MT,DESMATAMENTO_VEG,23
2022/2023,11,0.36,RO,DESMATAMENTO_VEG,3
2022/2023,12,0.45,AC,DESMATAMENTO_VEG,3
2017/2018,11,0.44,AM,DESMATAMENTO_VEG,4
2022/2023,12,0.29,AM,DESMATAMENTO_VEG,3
2023/2024,11,0.24,AM,DESMATAMENTO_VEG,2
2015/2016,3,4.13,PA,DESMATAMENTO_VEG,8
2022/2023,12,0.1,RO,DESMATAMENTO_VEG,1
2022/2023,1,0.45,AM,DESMATAMENTO_VEG,5
2022/2023,1,0.11,PA,DESMATAMENTO_VEG,1
2022/2023,1,1.87,RR,DESMATAMENTO_VEG,2
2022/2023,2,0.1,AM,DESMATAMENTO_VEG,1
2022/2023,2,0.42,MT,DESMATAMENTO_VEG,2
2017/2018,11,0.16,PA,DESMATAMENTO_VEG,2
2022/2023,2,0.07,PA,DESMATAMENTO_VEG,1
2017/2018,2,6.07,PA,DESMATAMENTO_VEG,15
2023/2024,10,0.4,RR,DESMATAMENTO_VEG,3
2015/2016,3,1.95,RO,DESMATAMENTO_VEG,14
2022/2023,2,0.1,RR,DESMATAMENTO_VEG,1
2022/2023,3,0.13,AC,DESMATAMENTO_VEG,1
2022/2023,3,3.14,AM,DESMATAMENTO_VEG,21
2022/2023,3,0.24,AP,DESMATAMENTO_VEG,3
2022/2023,3,0.28,MT,DESMATAMENTO_VEG,2
2022/2023,3,6.71,PA,DESMATAMENTO_VEG,9
2017/2018,11,0.28,RR,DESMATAMENTO_VEG,3
2017/2018,2,0.6,MT,DESMATAMENTO_VEG,3
2022/2023,4,1.84,AC,DESMATAMENTO_VEG,17
2022/2023,4,1.7,AM,DESMATAMENTO_VEG,13
2022/2023,4,0.1,AP,DESMATAMENTO_VEG,1
2022/2023,4,0.52,MA,DESMATAMENTO_VEG,4
2017/2018,12,0.7,AC,DESMATAMENTO_VEG,3
2022/2023,4,9.02,MT,DESMATAMENTO_VEG,14
2022/2023,4,5.47,PA,DESMATAMENTO_VEG,30
2022/2023,4,3.05,RO,DESMATAMENTO_VEG,10
2017/2018,12,1.09,AM,DESMATAMENTO_VEG,12
2022/2023,5,1.83,AC,DESMATAMENTO_VEG,13
2017/2018,2,0.19,MA,DESMATAMENTO_VEG,2
2022/2023,5,9.68,AM,DESMATAMENTO_VEG,49
2022/2023,5,0.74,AP,DESMATAMENTO_VEG,5
2022/2023,5,0.75,MA,DESMATAMENTO_VEG,6
2015/2016,4,0.25,AC,DESMATAMENTO_VEG,3
2015/2016,4,5.72,RO,DESMATAMENTO_VEG,27
2023/2024,10,0.36,AP,DESMATAMENTO_VEG,1
2022/2023,5,182.05,MT,DESMATAMENTO_VEG,91
2022/2023,5,50.87,PA,DESMATAMENTO_VEG,203
2022/2023,5,10.13,RO,DESMATAMENTO_VEG,41
2022/2023,6,2.51,AC,DESMATAMENTO_VEG,22
2023/2024,10,0.08,AM,DESMATAMENTO_VEG,1
2017/2018,12,0.13,MT,DESMATAMENTO_VEG,1
2015/2016,4,1.57,AM,DESMATAMENTO_VEG,6
2022/2023,6,4.92,AM,DESMATAMENTO_VEG,41
2015/2016,9,0.15,MT,DESMATAMENTO_VEG,1
2022/2023,6,0.08,AP,DESMATAMENTO_VEG,1
2022/2023,6,14.01,MT,DESMATAMENTO_VEG,26
2017/2018,12,0.45,PA,DESMATAMENTO_VEG,4
2017/2018,1,2.55,RR,DESMATAMENTO_VEG,16
2022/2023,6,127.56,PA,DESMATAMENTO_VEG,401
2023/2024,9,0.3,RR,DESMATAMENTO_VEG,1
2022/2023,6,6.91,RO,DESMATAMENTO_VEG,42
2022/2023,6,2.37,RR,DESMATAMENTO_VEG,3
2022/2023,6,0.3,TO,DESMATAMENTO_VEG,2
2022/2023,7,0.4,AC,DESMATAMENTO_VEG,3
2017/2018,12,1.17,RO,DESMATAMENTO_VEG,6
2022/2023,7,3.74,AM,DESMATAMENTO_VEG,32
2022/2023,7,0.36,AP,DESMATAMENTO_VEG,3
2022/2023,7,0.31,MA,DESMATAMENTO_VEG,3
2022/2023,7,0.34,MT,DESMATAMENTO_VEG,2
2023/2024,9,0.51,PA,DESMATAMENTO_VEG,4
2017/2018,12,0.98,RR,DESMATAMENTO_VEG,2
2022/2023,7,41.37,PA,DESMATAMENTO_VEG,132
2022/2023,7,0.85,RO,DESMATAMENTO_VEG,5
2022/2023,7,0.13,RR,DESMATAMENTO_VEG,1
2017/2018,1,2.14,RO,DESMATAMENTO_VEG,17
2017/2018,1,0.32,AC,DESMATAMENTO_VEG,2
2023/2024,8,0.29,AC,DESMATAMENTO_VEG,3
2015/2016,4,13.63,MT,DESMATAMENTO_VEG,19
2023/2024,8,0.59,AM,DESMATAMENTO_VEG,4
2017/2018,1,0.88,AM,DESMATAMENTO_VEG,6
2023/2024,8,4.23,MT,DESMATAMENTO_VEG,7
2023/2024,8,3.03,PA,DESMATAMENTO_VEG,14
2023/2024,8,0.23,RO,DESMATAMENTO_VEG,2
2025/2026,8,0.61,RO,DESMATAMENTO_VEG,3
2017/2018,1,0.35,PA,DESMATAMENTO_VEG,3
2023/2024,8,0.52,RR,DESMATAMENTO_VEG,4
2025/2026,9,0.57,MA,DESMATAMENTO_VEG,4
2016/2017,11,36.63,RO,DESMATAMENTO_CR,228
2016/2017,9,5.54,RR,DESMATAMENTO_CR,21
2023/2024,9,84.14,AM,DESMATAMENTO_CR,518
2019/2020,8,270.83,RO,DESMATAMENTO_CR,1477
2020/2021,3,160.66,PA,DESMATAMENTO_CR,270
2023/2024,7,45.73,RO,DESMATAMENTO_CR,326
2025/2026,10,0.96,AM,DESMATAMENTO_CR,8
2023/2024,9,18.96,AC,DESMATAMENTO_CR,191
2016/2017,4,2.38,TO,DESMATAMENTO_CR,4
2017/2018,1,33.27,PA,DESMATAMENTO_CR,188
2023/2024,3,3.44,AC,DESMATAMENTO_CR,33
2023/2024,8,1.59,TO,DESMATAMENTO_CR,17
2016/2017,4,16.16,RO,DESMATAMENTO_CR,55
2023/2024,9,2.07,AP,DESMATAMENTO_CR,15
2023/2024,8,16.82,RR,DESMATAMENTO_CR,121
2020/2021,3,81.77,MT,DESMATAMENTO_CR,163
2017/2018,1,50.2,MT,DESMATAMENTO_CR,109
2016/2017,10,34.7,MA,DESMATAMENTO_CR,95
2023/2024,8,43.9,RO,DESMATAMENTO_CR,300
2018/2019,6,146.6,MT,DESMATAMENTO_CR,460
2024/2025,8,8.98,MA,DESMATAMENTO_CR,63
2019/2020,2,1.32,MA,DESMATAMENTO_CR,8
2015/2016,7,190.79,RO,DESMATAMENTO_CR,791
2024/2025,12,21.33,MT,DESMATAMENTO_CR,45
2023/2024,9,15.68,MA,DESMATAMENTO_CR,88
2023/2024,8,199.71,PA,DESMATAMENTO_CR,1233
2020/2021,3,1.2,MA,DESMATAMENTO_CR,4
2025/2026,8,96.13,MT,DESMATAMENTO_CR,273
2015/2016,4,90.44,PA,DESMATAMENTO_CR,154
2017/2018,1,6.33,MA,DESMATAMENTO_CR,32
2020/2021,3,61.41,AM,DESMATAMENTO_CR,100
2015/2016,7,5.18,TO,DESMATAMENTO_CR,20
2023/2024,8,165.17,MT,DESMATAMENTO_CR,447
2019/2020,2,0.06,AP,DESMATAMENTO_CR,1
2018/2019,3,25.23,PA,DESMATAMENTO_CR,83
2020/2021,3,1.71,AC,DESMATAMENTO_CR,11
2020/2021,2,18.08,RR,DESMATAMENTO_CR,90
2023/2024,5,7.81,RR,DESMATAMENTO_CR,41
2023/2024,8,14.75,MA,DESMATAMENTO_CR,84
2023/2024,5,0.98,TO,DESMATAMENTO_CR,8
2019/2020,2,19.31,AM,DESMATAMENTO_CR,87
2024/2025,12,5.43,PA,DESMATAMENTO_CR,33
2023/2024,8,0.56,AP,DESMATAMENTO_CR,4
2017/2018,1,6.65,AM,DESMATAMENTO_CR,30
2020/2021,2,9.54,RO,DESMATAMENTO_CR,44
2023/2024,8,81.09,AM,DESMATAMENTO_CR,483
2024/2025,7,149.63,AM,DESMATAMENTO_CR,688
2016/2017,4,22.33,PA,DESMATAMENTO_CR,45
2020/2021,2,34.3,PA,DESMATAMENTO_CR,144
2015/2016,4,116.07,MT,DESMATAMENTO_CR,344
2023/2024,9,120.88,MT,DESMATAMENTO_CR,383
2023/2024,8,24.16,AC,DESMATAMENTO_CR,258
2016/2017,10,0.96,AP,DESMATAMENTO_CR,5
2017/2018,1,16.83,RO,DESMATAMENTO_CR,104
2022/2023,7,0.46,TO,DESMATAMENTO_CR,5
2017/2018,5,109.28,PA,DESMATAMENTO_CR,278
2022/2023,7,5.32,RR,DESMATAMENTO_CR,35
2020/2021,2,27.12,MT,DESMATAMENTO_CR,80
2018/2019,3,81.15,MT,DESMATAMENTO_CR,219
2022/2023,7,44.42,RO,DESMATAMENTO_CR,300
2019/2020,1,30.1,RR,DESMATAMENTO_CR,180
2015/2016,7,216.33,AM,DESMATAMENTO_CR,748
2017/2018,1,0.26,AC,DESMATAMENTO_CR,2
2017/2018,12,1.48,TO,DESMATAMENTO_CR,2
2019/2020,8,804.69,PA,DESMATAMENTO_CR,4282
2025/2026,9,87.63,MT,DESMATAMENTO_CR,232
2022/2023,7,191.22,PA,DESMATAMENTO_CR,1121
2020/2021,2,2.94,MA,DESMATAMENTO_CR,11
2015/2016,9,3.98,TO,DESMATAMENTO_CR,10
2024/2025,9,20.44,RO,DESMATAMENTO_CR,114
2023/2024,9,312.26,PA,DESMATAMENTO_CR,2169
2024/2025,12,3.83,RO,DESMATAMENTO_CR,22
2024/2025,12,7.39,MA,DESMATAMENTO_CR,59
2022/2023,7,84.62,MT,DESMATAMENTO_CR,310
2018/2019,8,0.13,AP,DESMATAMENTO_CR,1
2017/2018,7,1.38,TO,DESMATAMENTO_CR,7
2017/2018,12,23.19,RR,DESMATAMENTO_CR,103
2020/2021,2,25.43,AM,DESMATAMENTO_CR,98
2019/2020,1,21.99,RO,DESMATAMENTO_CR,137
2022/2023,7,8.24,MA,DESMATAMENTO_CR,57
2020/2021,2,3.18,AC,DESMATAMENTO_CR,22
2020/2021,1,0.1,TO,DESMATAMENTO_CR,1
2018/2019,3,0.34,MA,DESMATAMENTO_CR,1
2024/2025,5,139.01,AM,DESMATAMENTO_CR,380
2022/2023,7,0.12,AP,DESMATAMENTO_CR,1
2020/2021,1,6.51,RR,DESMATAMENTO_CR,18
2024/2025,8,142.19,MT,DESMATAMENTO_CR,313
2022/2023,7,83.62,AM,DESMATAMENTO_CR,525
2020/2021,1,8.21,RO,DESMATAMENTO_CR,42
2018/2019,3,43.5,AM,DESMATAMENTO_CR,93
2018/2019,8,143.99,PA,DESMATAMENTO_CR,733
2023/2024,3,35.46,AM,DESMATAMENTO_CR,133
2023/2024,9,45.83,RO,DESMATAMENTO_CR,319
2022/2023,7,24.55,AC,DESMATAMENTO_CR,267
2016/2017,4,61.43,MT,DESMATAMENTO_CR,184
2017/2018,12,47.11,RO,DESMATAMENTO_CR,289
2017/2018,1,32.71,RR,DESMATAMENTO_CR,201
2022/2023,6,0.47,TO,DESMATAMENTO_CR,3
2015/2016,11,77.66,RO,DESMATAMENTO_CR,484
2022/2023,6,6.59,RR,DESMATAMENTO_CR,41
2020/2021,1,18.01,PA,DESMATAMENTO_CR,68
2016/2017,8,12.5,RR,DESMATAMENTO_CR,41
2023/2024,6,25.44,AC,DESMATAMENTO_CR,227
2023/2024,9,14.35,RR,DESMATAMENTO_CR,117
2022/2023,6,51.73,RO,DESMATAMENTO_CR,307
2020/2021,1,41.76,MT,DESMATAMENTO_CR,93
2019/2020,1,77.49,PA,DESMATAMENTO_CR,442
2025/2026,10,8,MT,DESMATAMENTO_CR,30
2024/2025,12,21.8,RR,DESMATAMENTO_CR,72
2023/2024,9,0.35,TO,DESMATAMENTO_CR,4
2022/2023,6,159.09,PA,DESMATAMENTO_CR,803
2025/2026,8,31.46,AC,DESMATAMENTO_CR,315
2015/2016,10,141.85,MT,DESMATAMENTO_CR,641
2015/2016,4,14.51,MA,DESMATAMENTO_CR,35
2025/2026,8,18.58,RR,DESMATAMENTO_CR,72
2015/2016,4,66.95,RO,DESMATAMENTO_CR,279
2017/2018,7,128.39,AM,DESMATAMENTO_CR,591
2022/2023,6,120.39,MT,DESMATAMENTO_CR,325
2016/2017,4,0.54,MA,DESMATAMENTO_CR,1
2020/2021,1,0.14,MA,DESMATAMENTO_CR,1
2017/2018,12,104.25,PA,DESMATAMENTO_CR,559
2020/2021,1,5.86,AM,DESMATAMENTO_CR,24
2022/2023,6,8.56,MA,DESMATAMENTO_CR,58
2020/2021,1,1.72,AC,DESMATAMENTO_CR,13
2018/2019,3,1.58,AC,DESMATAMENTO_CR,6
2015/2016,6,240.09,PA,DESMATAMENTO_CR,750
2024/2025,12,0.48,TO,DESMATAMENTO_CR,4
2023/2024,10,34.33,AC,DESMATAMENTO_CR,346
2017/2018,1,3.39,TO,DESMATAMENTO_CR,12
2020/2021,12,0.09,TO,DESMATAMENTO_CR,1
2022/2023,6,121.33,AM,DESMATAMENTO_CR,604
2016/2017,4,18.18,AM,DESMATAMENTO_CR,28
2020/2021,12,7.87,RR,DESMATAMENTO_CR,46
2023/2024,10,41.44,AM,DESMATAMENTO_CR,314
2018/2019,9,181.8,MT,DESMATAMENTO_CR,709
2022/2023,6,15.58,AC,DESMATAMENTO_CR,120
2020/2021,12,26.32,RO,DESMATAMENTO_CR,136
2017/2018,12,85.65,MT,DESMATAMENTO_CR,185
2022/2023,5,0.61,TO,DESMATAMENTO_CR,6
2016/2017,8,28.31,AC,DESMATAMENTO_CR,227
2022/2023,5,4.95,RR,DESMATAMENTO_CR,42
2024/2025,1,5.13,AC,DESMATAMENTO_CR,26
2025/2026,8,18.26,RO,DESMATAMENTO_CR,110
2022/2023,5,61.62,RO,DESMATAMENTO_CR,335
2024/2025,6,15.28,RO,DESMATAMENTO_CR,62
2016/2017,4,0.24,AC,DESMATAMENTO_CR,1
2017/2018,5,120.37,AM,DESMATAMENTO_CR,313
2015/2016,4,59.54,AM,DESMATAMENTO_CR,131
2019/2020,1,119.93,MT,DESMATAMENTO_CR,330
2022/2023,5,135.3,PA,DESMATAMENTO_CR,509
2020/2021,12,96.12,PA,DESMATAMENTO_CR,648
2018/2019,2,0.22,TO,DESMATAMENTO_CR,2
2018/2019,6,7.72,MA,DESMATAMENTO_CR,31
2017/2018,12,0.37,MA,DESMATAMENTO_CR,1
2019/2020,8,218.71,MT,DESMATAMENTO_CR,1022
2023/2024,10,2.61,AP,DESMATAMENTO_CR,21
2022/2023,5,196.2,MT,DESMATAMENTO_CR,545
2016/2017,3,9.39,RO,DESMATAMENTO_CR,40
2020/2021,12,71.49,MT,DESMATAMENTO_CR,214
2017/2018,7,7.58,MA,DESMATAMENTO_CR,38
2017/2018,12,3.15,AP,DESMATAMENTO_CR,14
2018/2019,10,251.52,PA,DESMATAMENTO_CR,1428
2022/2023,5,3.23,MA,DESMATAMENTO_CR,26
2016/2017,10,107.52,AM,DESMATAMENTO_CR,508
2016/2017,3,5.45,PA,DESMATAMENTO_CR,16
2024/2025,1,15.44,AM,DESMATAMENTO_CR,70
2023/2024,10,12.89,MA,DESMATAMENTO_CR,88
2022/2023,5,0.12,AP,DESMATAMENTO_CR,1
2015/2016,4,1.21,AC,DESMATAMENTO_CR,6
2017/2018,2,7.36,MA,DESMATAMENTO_CR,48
2022/2023,5,137.66,AM,DESMATAMENTO_CR,449
2020/2021,12,3.3,MA,DESMATAMENTO_CR,25
2017/2018,6,0.26,AP,DESMATAMENTO_CR,2
2022/2023,5,4.64,AC,DESMATAMENTO_CR,35
2019/2020,1,1.55,MA,DESMATAMENTO_CR,12
2022/2023,4,0.35,TO,DESMATAMENTO_CR,3
2025/2026,8,0.07,TO,DESMATAMENTO_CR,1
2022/2023,4,14.96,RR,DESMATAMENTO_CR,91
2018/2019,6,0.15,AP,DESMATAMENTO_CR,2
2018/2019,2,33.62,RR,DESMATAMENTO_CR,174
2020/2021,12,5.73,AM,DESMATAMENTO_CR,33
2017/2018,12,11.69,AM,DESMATAMENTO_CR,97
2023/2024,10,67.62,MT,DESMATAMENTO_CR,262
2022/2023,4,42.95,RO,DESMATAMENTO_CR,188
2018/2019,4,0.51,MA,DESMATAMENTO_CR,3
2024/2025,1,0.3,MA,DESMATAMENTO_CR,2
2020/2021,12,1.1,AC,DESMATAMENTO_CR,12
2022/2023,4,76.6,PA,DESMATAMENTO_CR,245
2019/2020,1,10.53,AM,DESMATAMENTO_CR,92
2020/2021,11,0.43,TO,DESMATAMENTO_CR,2
2025/2026,10,4.09,PA,DESMATAMENTO_CR,26
2015/2016,3,1.61,TO,DESMATAMENTO_CR,9
2023/2024,7,164.35,AM,DESMATAMENTO_CR,916
2020/2021,11,7.28,RR,DESMATAMENTO_CR,45
2022/2023,4,70.34,MT,DESMATAMENTO_CR,190
2023/2024,6,129.37,AM,DESMATAMENTO_CR,579
2024/2025,5,4.5,MA,DESMATAMENTO_CR,19
2017/2018,2,31.89,MT,DESMATAMENTO_CR,103
2017/2018,12,2.41,AC,DESMATAMENTO_CR,21
2023/2024,3,35.63,MT,DESMATAMENTO_CR,111
2022/2023,4,2.92,MA,DESMATAMENTO_CR,18
2020/2021,11,49.62,RO,DESMATAMENTO_CR,319
2019/2020,1,2.9,AC,DESMATAMENTO_CR,26
2022/2023,4,0.33,AP,DESMATAMENTO_CR,3
2024/2025,10,18.18,RR,DESMATAMENTO_CR,84
2023/2024,10,208.68,PA,DESMATAMENTO_CR,1471
2022/2023,4,86.22,AM,DESMATAMENTO_CR,272
2016/2017,3,57.42,MT,DESMATAMENTO_CR,136
2018/2019,2,17.93,RO,DESMATAMENTO_CR,91
2017/2018,11,1.72,TO,DESMATAMENTO_CR,1
2017/2018,4,5.74,MA,DESMATAMENTO_CR,31
2024/2025,12,6.09,AM,DESMATAMENTO_CR,30
2022/2023,4,5.34,AC,DESMATAMENTO_CR,35
2019/2020,12,0.06,TO,DESMATAMENTO_CR,1
2022/2023,3,0.17,TO,DESMATAMENTO_CR,2
2020/2021,11,119.87,PA,DESMATAMENTO_CR,750
2022/2023,3,27.56,RR,DESMATAMENTO_CR,177
2019/2020,8,11.51,MA,DESMATAMENTO_CR,68
2015/2016,3,80.83,RR,DESMATAMENTO_CR,353
2022/2023,3,33.59,RO,DESMATAMENTO_CR,159
2015/2016,5,98.36,PA,DESMATAMENTO_CR,339
2019/2020,12,7.33,RR,DESMATAMENTO_CR,41
2015/2016,4,20.04,RR,DESMATAMENTO_CR,49
2024/2025,9,160.74,MT,DESMATAMENTO_CR,231
2024/2025,7,32.81,RO,DESMATAMENTO_CR,156
2022/2023,3,70.71,PA,DESMATAMENTO_CR,226
2016/2017,3,1.27,AM,DESMATAMENTO_CR,5
2024/2025,8,190.09,PA,DESMATAMENTO_CR,1057
2017/2018,11,7.32,RR,DESMATAMENTO_CR,35
2020/2021,11,90.09,MT,DESMATAMENTO_CR,305
2024/2025,1,94.31,MT,DESMATAMENTO_CR,185
2018/2019,6,187.48,AM,DESMATAMENTO_CR,490
2022/2023,3,78.96,MT,DESMATAMENTO_CR,220
2018/2019,10,79.23,MT,DESMATAMENTO_CR,273
2018/2019,2,21.67,PA,DESMATAMENTO_CR,93
2015/2016,10,21.22,AC,DESMATAMENTO_CR,192
2015/2016,9,134.72,MT,DESMATAMENTO_CR,662
2022/2023,3,0.62,MA,DESMATAMENTO_CR,4
2016/2017,2,20.98,RO,DESMATAMENTO_CR,107
2017/2018,11,31.36,RO,DESMATAMENTO_CR,166
2023/2024,10,32.31,RO,DESMATAMENTO_CR,228
2022/2023,3,0.75,AP,DESMATAMENTO_CR,4
2020/2021,11,3.7,MA,DESMATAMENTO_CR,33
2016/2017,8,181.24,RO,DESMATAMENTO_CR,923
2022/2023,3,121.53,AM,DESMATAMENTO_CR,282
2018/2019,4,25.71,RO,DESMATAMENTO_CR,113
2016/2017,2,7.3,PA,DESMATAMENTO_CR,32
2020/2021,11,21.81,AM,DESMATAMENTO_CR,105
2017/2018,2,95.72,PA,DESMATAMENTO_CR,472
2022/2023,3,1.47,AC,DESMATAMENTO_CR,13
2019/2020,12,20.13,RO,DESMATAMENTO_CR,139
2022/2023,2,0.1,TO,DESMATAMENTO_CR,1
2019/2020,8,2.58,AP,DESMATAMENTO_CR,3
2020/2021,11,12.73,AC,DESMATAMENTO_CR,117
2018/2019,9,5.28,MA,DESMATAMENTO_CR,27
2022/2023,2,30.83,RR,DESMATAMENTO_CR,190
2023/2024,6,0.37,AP,DESMATAMENTO_CR,3
2015/2016,7,142.47,PA,DESMATAMENTO_CR,555
2023/2024,10,29.33,RR,DESMATAMENTO_CR,186
2022/2023,2,28.47,RO,DESMATAMENTO_CR,148
2020/2021,10,1.46,TO,DESMATAMENTO_CR,14
2015/2016,3,43.84,RO,DESMATAMENTO_CR,239
2024/2025,1,24.71,PA,DESMATAMENTO_CR,132
2023/2024,10,1.1,TO,DESMATAMENTO_CR,9
2022/2023,2,37.9,PA,DESMATAMENTO_CR,185
2016/2017,2,67.57,MT,DESMATAMENTO_CR,123
2024/2025,11,2.64,AC,DESMATAMENTO_CR,17
2023/2024,3,31.73,PA,DESMATAMENTO_CR,165
2020/2021,10,15.57,RR,DESMATAMENTO_CR,126
2022/2023,2,161.41,MT,DESMATAMENTO_CR,311
2015/2016,5,0.95,RR,DESMATAMENTO_CR,1
2024/2025,10,257.86,PA,DESMATAMENTO_CR,1530
2017/2018,11,179.61,PA,DESMATAMENTO_CR,1015
2018/2019,6,10.02,AC,DESMATAMENTO_CR,72
2022/2023,2,3.58,MA,DESMATAMENTO_CR,19
2022/2023,2,0.12,AP,DESMATAMENTO_CR,1
2015/2016,5,3.26,TO,DESMATAMENTO_CR,8
2019/2020,12,56.64,PA,DESMATAMENTO_CR,366
2022/2023,2,45.87,AM,DESMATAMENTO_CR,109
2022/2023,2,3.85,AC,DESMATAMENTO_CR,26
2022/2023,1,0.19,TO,DESMATAMENTO_CR,1
2023/2024,11,11.5,AC,DESMATAMENTO_CR,110
2022/2023,1,29.59,RR,DESMATAMENTO_CR,174
2020/2021,10,134.39,RO,DESMATAMENTO_CR,828
2022/2023,1,13.88,RO,DESMATAMENTO_CR,50
2024/2025,8,1.38,AP,DESMATAMENTO_CR,10
2024/2025,10,0.5,AP,DESMATAMENTO_CR,5
2017/2018,7,48.56,MT,DESMATAMENTO_CR,168
2017/2018,2,2.88,RO,DESMATAMENTO_CR,13
2022/2023,1,29.89,PA,DESMATAMENTO_CR,161
2016/2017,2,1.34,MA,DESMATAMENTO_CR,10
2025/2026,10,0.17,MA,DESMATAMENTO_CR,1
2022/2023,1,69.44,MT,DESMATAMENTO_CR,104
2024/2025,5,145.4,MT,DESMATAMENTO_CR,371
2018/2019,2,34.95,MT,DESMATAMENTO_CR,49
2017/2018,11,60.63,MT,DESMATAMENTO_CR,223
2020/2021,10,396.56,PA,DESMATAMENTO_CR,2588
2022/2023,1,4.56,MA,DESMATAMENTO_CR,22
2024/2025,1,4.29,RO,DESMATAMENTO_CR,20
2019/2020,8,189.61,AM,DESMATAMENTO_CR,1050
2021/2022,4,6.38,MA,DESMATAMENTO_CR,22
2022/2023,1,13.49,AM,DESMATAMENTO_CR,23
2022/2023,1,1.23,AC,DESMATAMENTO_CR,10
2015/2016,10,58.9,AM,DESMATAMENTO_CR,298
2022/2023,12,0.21,TO,DESMATAMENTO_CR,2
2022/2023,12,46.26,RR,DESMATAMENTO_CR,249
2016/2017,2,3.9,AM,DESMATAMENTO_CR,24
2022/2023,12,11.59,RO,DESMATAMENTO_CR,80
2016/2017,10,66.55,AC,DESMATAMENTO_CR,569
2023/2024,11,13.48,AM,DESMATAMENTO_CR,99
2024/2025,11,24.74,MT,DESMATAMENTO_CR,64
2022/2023,12,109.16,PA,DESMATAMENTO_CR,535
2020/2021,10,112.97,MT,DESMATAMENTO_CR,504
2018/2019,5,0.27,TO,DESMATAMENTO_CR,2
2015/2016,3,10.31,PA,DESMATAMENTO_CR,43
2017/2018,11,1.8,MA,DESMATAMENTO_CR,5
2022/2023,12,22.54,MT,DESMATAMENTO_CR,68
2018/2019,10,14.28,MA,DESMATAMENTO_CR,75
2018/2019,2,0.1,MA,DESMATAMENTO_CR,1
2015/2016,1,6.79,AC,DESMATAMENTO_CR,53
2017/2018,11,5.02,AP,DESMATAMENTO_CR,45
2022/2023,12,5.66,MA,DESMATAMENTO_CR,21
2016/2017,1,9.45,RR,DESMATAMENTO_CR,27
2020/2021,10,19.03,MA,DESMATAMENTO_CR,136
2022/2023,12,0.34,AP,DESMATAMENTO_CR,3
2024/2025,1,33.2,RR,DESMATAMENTO_CR,160
2024/2025,6,2.27,RR,DESMATAMENTO_CR,10
2022/2023,12,18.87,AM,DESMATAMENTO_CR,106
2015/2016,6,1.04,MA,DESMATAMENTO_CR,3
2016/2017,1,16.69,RO,DESMATAMENTO_CR,79
2017/2018,2,1.18,TO,DESMATAMENTO_CR,6
2020/2021,10,0.64,AP,DESMATAMENTO_CR,8
2022/2023,12,12.53,AC,DESMATAMENTO_CR,106
2019/2020,12,75.56,MT,DESMATAMENTO_CR,138
2022/2023,11,0.73,TO,DESMATAMENTO_CR,2
2017/2018,11,22.6,AM,DESMATAMENTO_CR,133
2022/2023,11,2.08,RR,DESMATAMENTO_CR,15
2020/2021,10,88.49,AM,DESMATAMENTO_CR,514
2024/2025,9,1.2,TO,DESMATAMENTO_CR,9
2023/2024,11,0.84,AP,DESMATAMENTO_CR,6
2022/2023,11,114.97,RO,DESMATAMENTO_CR,728
2015/2016,8,7.09,RR,DESMATAMENTO_CR,52
2023/2024,6,6.05,MA,DESMATAMENTO_CR,40
2016/2017,1,8.24,PA,DESMATAMENTO_CR,49
2017/2018,7,38.82,AC,DESMATAMENTO_CR,358
2024/2025,2,1.89,AC,DESMATAMENTO_CR,8
2022/2023,11,144.19,PA,DESMATAMENTO_CR,774
2020/2021,10,63.03,AC,DESMATAMENTO_CR,640
2024/2025,7,8.85,RR,DESMATAMENTO_CR,48
2015/2016,4,7.02,TO,DESMATAMENTO_CR,23
2017/2018,3,0.08,AC,DESMATAMENTO_CR,1
2022/2023,11,107.8,MT,DESMATAMENTO_CR,349
2019/2020,12,17.54,MA,DESMATAMENTO_CR,145
2024/2025,7,106.79,MT,DESMATAMENTO_CR,310
2017/2018,11,37.44,AC,DESMATAMENTO_CR,355
2016/2017,1,15.33,MT,DESMATAMENTO_CR,33
2022/2023,11,8.58,MA,DESMATAMENTO_CR,42
2020/2021,9,2.64,TO,DESMATAMENTO_CR,18
2015/2016,3,114.6,MT,DESMATAMENTO_CR,422
2016/2017,9,0.73,TO,DESMATAMENTO_CR,2
2022/2023,11,0.26,AP,DESMATAMENTO_CR,1
2024/2025,2,10.6,AM,DESMATAMENTO_CR,26
2017/2018,5,7.28,MA,DESMATAMENTO_CR,37
2022/2023,11,85.73,AM,DESMATAMENTO_CR,518
2015/2016,12,1.16,RR,DESMATAMENTO_CR,5
2018/2019,2,9.87,AM,DESMATAMENTO_CR,22
2019/2020,12,6.11,AM,DESMATAMENTO_CR,52
2020/2021,9,25.12,RR,DESMATAMENTO_CR,164
2023/2024,11,23.15,MA,DESMATAMENTO_CR,154
2022/2023,11,85.42,AC,DESMATAMENTO_CR,827
2019/2020,8,139.53,AC,DESMATAMENTO_CR,1310
2018/2019,4,40.71,AM,DESMATAMENTO_CR,94
2017/2018,10,3.07,RR,DESMATAMENTO_CR,24
2022/2023,10,0.28,TO,DESMATAMENTO_CR,1
2016/2017,1,8.57,AM,DESMATAMENTO_CR,30
2022/2023,10,23.93,RR,DESMATAMENTO_CR,148
2015/2016,11,75.68,PA,DESMATAMENTO_CR,433
2022/2023,10,68.57,RO,DESMATAMENTO_CR,355
2018/2019,10,0.9,AP,DESMATAMENTO_CR,6
2017/2018,7,0.48,RR,DESMATAMENTO_CR,5
2017/2018,10,112.45,RO,DESMATAMENTO_CR,579
2020/2021,9,156.84,RO,DESMATAMENTO_CR,953
2018/2019,2,0.26,AC,DESMATAMENTO_CR,2
2022/2023,10,433.74,PA,DESMATAMENTO_CR,2405
2019/2020,11,0.58,TO,DESMATAMENTO_CR,5
2016/2017,12,1.84,TO,DESMATAMENTO_CR,5
2015/2016,9,3.84,MA,DESMATAMENTO_CR,22
2025/2026,9,21.96,AC,DESMATAMENTO_CR,203
2023/2024,11,29.76,MT,DESMATAMENTO_CR,146
2022/2023,10,150.03,MT,DESMATAMENTO_CR,329
2015/2016,8,82.91,RO,DESMATAMENTO_CR,582
2023/2024,7,7.86,MA,DESMATAMENTO_CR,56
2017/2018,10,103.16,PA,DESMATAMENTO_CR,553
2019/2020,11,5.1,RR,DESMATAMENTO_CR,23
2022/2023,10,17.5,MA,DESMATAMENTO_CR,105
2018/2019,1,18.08,RR,DESMATAMENTO_CR,96
2024/2025,2,1.67,MA,DESMATAMENTO_CR,4
2022/2023,10,1.87,AP,DESMATAMENTO_CR,9
2020/2021,9,419.77,PA,DESMATAMENTO_CR,2699
2022/2023,10,142.28,AM,DESMATAMENTO_CR,731
2018/2019,7,0.15,TO,DESMATAMENTO_CR,3
2018/2019,5,104.58,RO,DESMATAMENTO_CR,428
2015/2016,3,0.38,MA,DESMATAMENTO_CR,1
2025/2026,9,0.97,TO,DESMATAMENTO_CR,5
2022/2023,10,64,AC,DESMATAMENTO_CR,485
2016/2017,12,0.4,RR,DESMATAMENTO_CR,2
2017/2018,10,101.74,MT,DESMATAMENTO_CR,344
2024/2025,5,133.06,PA,DESMATAMENTO_CR,368
2022/2023,9,1.7,TO,DESMATAMENTO_CR,13
2024/2025,10,77.74,AM,DESMATAMENTO_CR,445
2020/2021,9,182.62,MT,DESMATAMENTO_CR,786
2022/2023,9,8.63,RR,DESMATAMENTO_CR,55
2022/2023,9,153.76,RO,DESMATAMENTO_CR,692
2019/2020,11,33.64,RO,DESMATAMENTO_CR,183
2018/2019,7,9.22,RR,DESMATAMENTO_CR,25
2015/2016,3,26.69,AM,DESMATAMENTO_CR,147
2016/2017,12,0.65,RO,DESMATAMENTO_CR,3
2017/2018,10,8.95,MA,DESMATAMENTO_CR,31
2024/2025,8,26.85,RO,DESMATAMENTO_CR,135
2022/2023,9,530.15,PA,DESMATAMENTO_CR,2465
2016/2017,12,1.68,PA,DESMATAMENTO_CR,13
2018/2019,1,6.42,RO,DESMATAMENTO_CR,31
2020/2021,9,11.69,MA,DESMATAMENTO_CR,78
2017/2018,10,1.45,AP,DESMATAMENTO_CR,13
2022/2023,9,340.36,MT,DESMATAMENTO_CR,657
2018/2019,3,0.2,TO,DESMATAMENTO_CR,2
2025/2026,10,2.77,RO,DESMATAMENTO_CR,13
2024/2025,7,0.52,AP,DESMATAMENTO_CR,3
2023/2024,11,96.37,PA,DESMATAMENTO_CR,667
2022/2023,9,12.07,MA,DESMATAMENTO_CR,53
2023/2024,3,12.52,RO,DESMATAMENTO_CR,71
2017/2018,10,69.23,AM,DESMATAMENTO_CR,276
2022/2023,9,2.19,AP,DESMATAMENTO_CR,10
2020/2021,9,0.42,AP,DESMATAMENTO_CR,5
2024/2025,12,8.75,AC,DESMATAMENTO_CR,73
2022/2023,9,283.87,AM,DESMATAMENTO_CR,1113
2015/2016,8,25.12,AC,DESMATAMENTO_CR,261
2020/2021,9,115.62,AM,DESMATAMENTO_CR,679
2016/2017,9,131.67,RO,DESMATAMENTO_CR,626
2017/2018,3,32.75,AM,DESMATAMENTO_CR,78
2022/2023,9,120.52,AC,DESMATAMENTO_CR,993
2018/2019,10,67.98,AM,DESMATAMENTO_CR,282
2015/2016,3,0.12,AC,DESMATAMENTO_CR,1
2017/2018,10,36.27,AC,DESMATAMENTO_CR,283
2022/2023,8,0.89,TO,DESMATAMENTO_CR,6
2016/2017,12,11.75,MT,DESMATAMENTO_CR,12
2023/2024,6,46.3,MT,DESMATAMENTO_CR,145
2017/2018,6,8.7,MA,DESMATAMENTO_CR,53
2022/2023,8,41.81,RR,DESMATAMENTO_CR,218
2015/2016,5,83.88,MT,DESMATAMENTO_CR,246
2022/2023,8,156.9,RO,DESMATAMENTO_CR,730
2020/2021,9,37.31,AC,DESMATAMENTO_CR,377
2019/2020,11,334.69,PA,DESMATAMENTO_CR,2127
2024/2025,8,93.37,AM,DESMATAMENTO_CR,431
2015/2016,2,3.35,TO,DESMATAMENTO_CR,16
2018/2019,1,12.42,PA,DESMATAMENTO_CR,54
2016/2017,12,0.18,AM,DESMATAMENTO_CR,1
2022/2023,8,670.86,PA,DESMATAMENTO_CR,3144
2020/2021,8,0.88,TO,DESMATAMENTO_CR,11
2023/2024,3,30.98,RR,DESMATAMENTO_CR,158
2017/2018,9,4.85,TO,DESMATAMENTO_CR,20
2020/2021,8,24.77,RR,DESMATAMENTO_CR,144
2023/2024,11,15.03,RO,DESMATAMENTO_CR,125
2022/2023,8,332.03,MT,DESMATAMENTO_CR,663
2018/2019,7,377.54,RO,DESMATAMENTO_CR,1579
2015/2016,8,206.37,PA,DESMATAMENTO_CR,1079
2016/2017,11,7.74,TO,DESMATAMENTO_CR,18
2017/2018,9,82.74,RO,DESMATAMENTO_CR,452
2022/2023,8,16.3,MA,DESMATAMENTO_CR,88
2023/2024,7,17.79,RR,DESMATAMENTO_CR,75
2022/2023,8,1.11,AP,DESMATAMENTO_CR,2
2015/2016,12,13.09,RO,DESMATAMENTO_CR,80
2018/2019,4,31.13,PA,DESMATAMENTO_CR,111
2022/2023,8,306.76,AM,DESMATAMENTO_CR,1113
2020/2021,8,254.69,RO,DESMATAMENTO_CR,1467
2018/2019,8,65.08,MT,DESMATAMENTO_CR,275
2024/2025,7,0.39,TO,DESMATAMENTO_CR,3
2015/2016,5,0.34,AC,DESMATAMENTO_CR,3
2022/2023,8,113.35,AC,DESMATAMENTO_CR,974
2019/2020,11,110.86,MT,DESMATAMENTO_CR,319
2015/2016,8,5.34,MA,DESMATAMENTO_CR,29
2021/2022,7,0.5,TO,DESMATAMENTO_CR,3
2021/2022,7,3.83,RR,DESMATAMENTO_CR,23
2023/2024,3,0.09,TO,DESMATAMENTO_CR,1
2016/2017,11,7.36,RR,DESMATAMENTO_CR,30
2024/2025,2,28.59,MT,DESMATAMENTO_CR,56
2023/2024,11,9.92,RR,DESMATAMENTO_CR,52
2021/2022,7,168.08,RO,DESMATAMENTO_CR,893
2016/2017,8,449.6,PA,DESMATAMENTO_CR,1984
2024/2025,8,13.57,RR,DESMATAMENTO_CR,84
2015/2016,2,11,RO,DESMATAMENTO_CR,68
2017/2018,9,164.4,PA,DESMATAMENTO_CR,925
2018/2019,9,152.64,AM,DESMATAMENTO_CR,677
2023/2024,11,0.41,TO,DESMATAMENTO_CR,3
2021/2022,7,476,PA,DESMATAMENTO_CR,2076
2020/2021,8,501.47,PA,DESMATAMENTO_CR,3343
2018/2019,1,86.56,MT,DESMATAMENTO_CR,171
2018/2019,5,176.08,PA,DESMATAMENTO_CR,382
2017/2018,6,138.64,PA,DESMATAMENTO_CR,534
2015/2016,9,77.39,RO,DESMATAMENTO_CR,499
2023/2024,12,2.32,AC,DESMATAMENTO_CR,19
2021/2022,7,204.22,MT,DESMATAMENTO_CR,686
2019/2020,11,30.93,MA,DESMATAMENTO_CR,195
2015/2016,7,3.9,RR,DESMATAMENTO_CR,12
2023/2024,4,2.12,AC,DESMATAMENTO_CR,16
2015/2016,2,7.66,PA,DESMATAMENTO_CR,41
2024/2025,2,15.27,PA,DESMATAMENTO_CR,45
2020/2021,8,170.15,MT,DESMATAMENTO_CR,839
2021/2022,7,18.5,MA,DESMATAMENTO_CR,107
2017/2018,9,109.83,MT,DESMATAMENTO_CR,314
2015/2016,11,67.12,MT,DESMATAMENTO_CR,233
2023/2024,12,11.77,AM,DESMATAMENTO_CR,62
2021/2022,7,457.37,AM,DESMATAMENTO_CR,1799
2018/2019,10,6.41,AC,DESMATAMENTO_CR,65
2018/2019,7,687.51,PA,DESMATAMENTO_CR,2638
2017/2018,3,18.49,MA,DESMATAMENTO_CR,64
2021/2022,7,77.35,AC,DESMATAMENTO_CR,671
2016/2017,9,202.64,PA,DESMATAMENTO_CR,1062
2024/2025,5,28.27,RO,DESMATAMENTO_CR,114
2021/2022,6,2.16,TO,DESMATAMENTO_CR,8
2023/2024,4,24.35,AM,DESMATAMENTO_CR,81
2021/2022,6,0.34,RR,DESMATAMENTO_CR,3
2024/2025,2,2.53,RO,DESMATAMENTO_CR,12
2021/2022,6,138.78,RO,DESMATAMENTO_CR,618
2020/2021,8,28.28,MA,DESMATAMENTO_CR,189
2018/2019,1,2.36,MA,DESMATAMENTO_CR,21
2024/2025,2,17.95,RR,DESMATAMENTO_CR,42
2023/2024,7,1.43,TO,DESMATAMENTO_CR,11
2021/2022,6,370.79,PA,DESMATAMENTO_CR,1202
2019/2020,11,21.36,AM,DESMATAMENTO_CR,128
2016/2017,8,155.12,AM,DESMATAMENTO_CR,713
2023/2024,12,0.36,AP,DESMATAMENTO_CR,3
2017/2018,9,17.82,MA,DESMATAMENTO_CR,45
2024/2025,2,0.5,TO,DESMATAMENTO_CR,2
2021/2022,6,116.25,MT,DESMATAMENTO_CR,330
2020/2021,8,0.44,AP,DESMATAMENTO_CR,5
2015/2016,7,105.94,MT,DESMATAMENTO_CR,380
2024/2025,10,17.28,MA,DESMATAMENTO_CR,115
2015/2016,10,7.84,RR,DESMATAMENTO_CR,54
2017/2018,9,20.56,AM,DESMATAMENTO_CR,85
2021/2022,6,10.37,MA,DESMATAMENTO_CR,54
2024/2025,3,18.41,AM,DESMATAMENTO_CR,37
2019/2020,11,11.4,AC,DESMATAMENTO_CR,101
2021/2022,6,395.46,AM,DESMATAMENTO_CR,1300
2023/2024,4,0.31,AP,DESMATAMENTO_CR,3
2018/2019,1,4.71,AM,DESMATAMENTO_CR,29
2020/2021,8,217.17,AM,DESMATAMENTO_CR,1571
2023/2024,12,8.35,MA,DESMATAMENTO_CR,60
2021/2022,6,69.14,AC,DESMATAMENTO_CR,534
2018/2019,3,61.98,RR,DESMATAMENTO_CR,366
2015/2016,2,46.57,MT,DESMATAMENTO_CR,208
2021/2022,5,0.91,TO,DESMATAMENTO_CR,6
2017/2018,9,0.43,AC,DESMATAMENTO_CR,3
2021/2022,5,0.49,RR,DESMATAMENTO_CR,3
2018/2019,9,4.03,TO,DESMATAMENTO_CR,14
2015/2016,12,133.25,PA,DESMATAMENTO_CR,647
2021/2022,5,148.5,RO,DESMATAMENTO_CR,617
2019/2020,10,0.22,TO,DESMATAMENTO_CR,1
2017/2018,4,199.47,MT,DESMATAMENTO_CR,413
2020/2021,8,132.51,AC,DESMATAMENTO_CR,1411
2017/2018,8,1.27,TO,DESMATAMENTO_CR,6
2023/2024,7,67.19,MT,DESMATAMENTO_CR,302
2021/2022,5,259.33,PA,DESMATAMENTO_CR,697
2016/2017,11,138.49,PA,DESMATAMENTO_CR,768
2023/2024,6,152.62,PA,DESMATAMENTO_CR,702
2024/2025,8,0.17,TO,DESMATAMENTO_CR,2
2021/2022,5,146.53,MT,DESMATAMENTO_CR,425
2019/2020,7,0.99,TO,DESMATAMENTO_CR,9
2018/2019,1,0.08,AC,DESMATAMENTO_CR,1
2017/2018,8,80.91,RO,DESMATAMENTO_CR,376
2019/2020,10,13.06,RR,DESMATAMENTO_CR,52
2018/2019,12,0.26,TO,DESMATAMENTO_CR,2
2021/2022,5,4.28,MA,DESMATAMENTO_CR,23
2023/2024,4,0.41,MA,DESMATAMENTO_CR,3
2015/2016,6,8.25,AC,DESMATAMENTO_CR,52
2021/2022,5,296.62,AM,DESMATAMENTO_CR,1107
2019/2020,7,30.12,RR,DESMATAMENTO_CR,136
2015/2016,9,64.87,AM,DESMATAMENTO_CR,441
2018/2019,7,418.53,MT,DESMATAMENTO_CR,1191
2021/2022,5,27.34,AC,DESMATAMENTO_CR,182
2018/2019,9,45.69,AC,DESMATAMENTO_CR,482
2015/2016,2,4.21,MA,DESMATAMENTO_CR,12
2021/2022,4,1.31,TO,DESMATAMENTO_CR,5
2025/2026,8,66.12,PA,DESMATAMENTO_CR,379
2021/2022,4,15.91,RR,DESMATAMENTO_CR,68
2019/2020,7,208.29,RO,DESMATAMENTO_CR,1243
2021/2022,4,108.88,RO,DESMATAMENTO_CR,455
2017/2018,5,1.18,TO,DESMATAMENTO_CR,9
2024/2025,3,44.91,MT,DESMATAMENTO_CR,94
2023/2024,12,28.64,MT,DESMATAMENTO_CR,138
2021/2022,4,279.12,PA,DESMATAMENTO_CR,570
2019/2020,10,72.98,RO,DESMATAMENTO_CR,352
2015/2016,8,73.61,AM,DESMATAMENTO_CR,488
2024/2025,11,13.98,RR,DESMATAMENTO_CR,71
2017/2018,8,48.63,PA,DESMATAMENTO_CR,265
2017/2018,3,107.5,MT,DESMATAMENTO_CR,250
2021/2022,4,248.66,MT,DESMATAMENTO_CR,653
2024/2025,5,0.34,RR,DESMATAMENTO_CR,1
2018/2019,12,3.23,RR,DESMATAMENTO_CR,11
2023/2024,4,79.25,MT,DESMATAMENTO_CR,225
2019/2020,7,628.87,PA,DESMATAMENTO_CR,3572
2018/2019,3,19.83,RO,DESMATAMENTO_CR,75
2018/2019,5,166.12,MT,DESMATAMENTO_CR,456
2021/2022,4,346.64,AM,DESMATAMENTO_CR,897
2025/2026,9,21.22,RO,DESMATAMENTO_CR,115
2021/2022,4,5.92,AC,DESMATAMENTO_CR,31
2018/2019,9,5.12,RR,DESMATAMENTO_CR,28
2021/2022,3,0.1,TO,DESMATAMENTO_CR,1
2021/2022,3,13.06,RR,DESMATAMENTO_CR,57
2018/2019,7,11.01,MA,DESMATAMENTO_CR,63
2021/2022,3,37.48,RO,DESMATAMENTO_CR,155
2024/2025,5,0.43,TO,DESMATAMENTO_CR,4
2017/2018,4,108.94,PA,DESMATAMENTO_CR,328
2019/2020,7,293.39,MT,DESMATAMENTO_CR,1149
2021/2022,3,42.4,PA,DESMATAMENTO_CR,133
2017/2018,5,111.82,MT,DESMATAMENTO_CR,268
2019/2020,10,280.55,PA,DESMATAMENTO_CR,1452
2016/2017,11,111.65,MT,DESMATAMENTO_CR,515
2025/2026,9,45.02,AM,DESMATAMENTO_CR,267
2024/2025,3,18.51,PA,DESMATAMENTO_CR,87
2024/2025,7,151.4,PA,DESMATAMENTO_CR,656
2021/2022,3,107.46,MT,DESMATAMENTO_CR,295
2017/2018,5,97.48,RO,DESMATAMENTO_CR,358
2018/2019,12,14.16,RO,DESMATAMENTO_CR,91
2017/2018,8,90.18,MT,DESMATAMENTO_CR,364
2025/2026,9,29.3,RR,DESMATAMENTO_CR,139
2021/2022,3,1.02,MA,DESMATAMENTO_CR,3
2021/2022,3,105.86,AM,DESMATAMENTO_CR,212
2019/2020,7,15.71,MA,DESMATAMENTO_CR,111
2021/2022,3,1.98,AC,DESMATAMENTO_CR,13
2021/2022,2,0.37,TO,DESMATAMENTO_CR,2
2021/2022,2,4.95,RR,DESMATAMENTO_CR,28
2015/2016,12,72.99,MT,DESMATAMENTO_CR,219
2021/2022,2,22.56,RO,DESMATAMENTO_CR,73
2023/2024,4,25.33,PA,DESMATAMENTO_CR,132
2023/2024,12,95.57,PA,DESMATAMENTO_CR,477
2019/2020,7,2.36,AP,DESMATAMENTO_CR,7
2021/2022,2,45.86,PA,DESMATAMENTO_CR,195
2018/2019,7,0.06,AP,DESMATAMENTO_CR,1
2024/2025,11,4.4,MA,DESMATAMENTO_CR,36
2019/2020,7,278.09,AM,DESMATAMENTO_CR,1472
2021/2022,2,78.05,MT,DESMATAMENTO_CR,183
2024/2025,7,24.94,AC,DESMATAMENTO_CR,226
2017/2018,7,117.58,RO,DESMATAMENTO_CR,513
2015/2016,2,14.84,AM,DESMATAMENTO_CR,62
2017/2018,8,5.24,MA,DESMATAMENTO_CR,29
2021/2022,2,3.46,MA,DESMATAMENTO_CR,20
2021/2022,2,40.49,AM,DESMATAMENTO_CR,77
2019/2020,10,112.45,MT,DESMATAMENTO_CR,442
2021/2022,1,46,RR,DESMATAMENTO_CR,272
2016/2017,11,42.71,MA,DESMATAMENTO_CR,201
2015/2016,6,228.56,AM,DESMATAMENTO_CR,667
2021/2022,1,116.16,RO,DESMATAMENTO_CR,457
2019/2020,7,120.71,AC,DESMATAMENTO_CR,1188
2024/2025,9,77.46,AC,DESMATAMENTO_CR,679
2018/2019,8,6.31,TO,DESMATAMENTO_CR,24
2017/2018,8,49.16,AM,DESMATAMENTO_CR,189
2024/2025,3,4.54,RO,DESMATAMENTO_CR,22
2021/2022,1,63.49,PA,DESMATAMENTO_CR,268
2016/2017,9,178.2,MT,DESMATAMENTO_CR,677
2018/2019,12,9.5,PA,DESMATAMENTO_CR,64
2019/2020,6,1.25,TO,DESMATAMENTO_CR,10
2021/2022,1,146.52,MT,DESMATAMENTO_CR,328
2024/2025,7,5.15,MA,DESMATAMENTO_CR,33
2019/2020,10,10.44,MA,DESMATAMENTO_CR,55
2015/2016,10,1.75,MA,DESMATAMENTO_CR,8
2015/2016,9,167.63,PA,DESMATAMENTO_CR,970
2021/2022,1,2.21,MA,DESMATAMENTO_CR,12
2021/2022,1,0.08,AP,DESMATAMENTO_CR,1
2019/2020,6,10.11,RR,DESMATAMENTO_CR,65
2021/2022,1,43.7,AM,DESMATAMENTO_CR,160
2018/2019,8,88.59,AM,DESMATAMENTO_CR,548
2016/2017,7,0.46,TO,DESMATAMENTO_CR,4
2015/2016,8,2.62,TO,DESMATAMENTO_CR,12
2021/2022,1,8.8,AC,DESMATAMENTO_CR,51
2024/2025,6,12.09,AC,DESMATAMENTO_CR,100
2021/2022,12,0.54,TO,DESMATAMENTO_CR,4
2023/2024,4,7.74,RO,DESMATAMENTO_CR,54
2021/2022,12,5.11,RR,DESMATAMENTO_CR,31
2019/2020,6,110.34,RO,DESMATAMENTO_CR,620
2021/2022,12,1.17,RO,DESMATAMENTO_CR,5
2023/2024,12,10.38,RO,DESMATAMENTO_CR,73
2021/2022,12,52.49,PA,DESMATAMENTO_CR,264
2018/2019,7,403.67,AM,DESMATAMENTO_CR,1422
2018/2019,12,33.45,MT,DESMATAMENTO_CR,125
2016/2017,7,78.01,RO,DESMATAMENTO_CR,377
2016/2017,11,0.51,AP,DESMATAMENTO_CR,6
2021/2022,12,10.34,MT,DESMATAMENTO_CR,32
2019/2020,10,2.51,AP,DESMATAMENTO_CR,13
2018/2019,4,1.61,AC,DESMATAMENTO_CR,15
2019/2020,6,447.14,PA,DESMATAMENTO_CR,1853
2015/2016,2,0.2,AC,DESMATAMENTO_CR,2
2021/2022,12,9.41,MA,DESMATAMENTO_CR,51
2019/2020,10,42.05,AM,DESMATAMENTO_CR,247
2015/2016,6,5.71,TO,DESMATAMENTO_CR,21
2021/2022,12,0.07,AP,DESMATAMENTO_CR,1
2024/2025,3,50.41,RR,DESMATAMENTO_CR,143
2021/2022,12,6.25,AM,DESMATAMENTO_CR,29
2016/2017,8,164.48,MT,DESMATAMENTO_CR,619
2021/2022,12,0.5,AC,DESMATAMENTO_CR,6
2021/2022,11,0.14,TO,DESMATAMENTO_CR,1
2021/2022,11,3.33,RR,DESMATAMENTO_CR,27
2015/2016,12,1.34,MA,DESMATAMENTO_CR,4
2021/2022,11,3.48,RO,DESMATAMENTO_CR,14
2016/2017,11,13.42,AM,DESMATAMENTO_CR,75
2024/2025,3,0.14,TO,DESMATAMENTO_CR,1
2023/2024,6,26.47,RO,DESMATAMENTO_CR,169
2021/2022,11,178.79,PA,DESMATAMENTO_CR,910
2019/2020,6,125.06,MT,DESMATAMENTO_CR,519
2015/2016,11,10.97,MA,DESMATAMENTO_CR,33
2016/2017,7,128.41,PA,DESMATAMENTO_CR,459
2024/2025,9,200.58,PA,DESMATAMENTO_CR,1270
2021/2022,11,36.93,MT,DESMATAMENTO_CR,109
2019/2020,10,11.38,AC,DESMATAMENTO_CR,92
2018/2019,12,2.64,MA,DESMATAMENTO_CR,21
2015/2016,1,1.39,TO,DESMATAMENTO_CR,7
2018/2019,5,1.13,MA,DESMATAMENTO_CR,4
2021/2022,11,3.79,MA,DESMATAMENTO_CR,24
2016/2017,9,3.28,MA,DESMATAMENTO_CR,8
2025/2026,9,0.9,AP,DESMATAMENTO_CR,3
2021/2022,11,0.47,AP,DESMATAMENTO_CR,3
2021/2022,11,9.6,AM,DESMATAMENTO_CR,59
2019/2020,9,0.4,TO,DESMATAMENTO_CR,3
2023/2024,12,16.79,RR,DESMATAMENTO_CR,86
2021/2022,11,11.05,AC,DESMATAMENTO_CR,90
2019/2020,6,26.28,MA,DESMATAMENTO_CR,123
2021/2022,10,0.64,TO,DESMATAMENTO_CR,5
2023/2024,4,25.66,RR,DESMATAMENTO_CR,147
2021/2022,10,8.21,RR,DESMATAMENTO_CR,61
2024/2025,6,94.37,AM,DESMATAMENTO_CR,307
2021/2022,10,100.16,RO,DESMATAMENTO_CR,555
2017/2018,4,18.48,RO,DESMATAMENTO_CR,98
2019/2020,6,167.17,AM,DESMATAMENTO_CR,885
2023/2024,1,0.5,AC,DESMATAMENTO_CR,3
2016/2017,7,107.2,MT,DESMATAMENTO_CR,323
2023/2024,7,254.44,PA,DESMATAMENTO_CR,1645
2015/2016,12,18.83,AM,DESMATAMENTO_CR,83
2021/2022,10,490.14,PA,DESMATAMENTO_CR,2637
2016/2017,11,4.62,AC,DESMATAMENTO_CR,42
2018/2019,12,0.23,AM,DESMATAMENTO_CR,3
2018/2019,7,97.8,AC,DESMATAMENTO_CR,803
2018/2019,11,0.1,TO,DESMATAMENTO_CR,1
2021/2022,10,105.01,MT,DESMATAMENTO_CR,337
2019/2020,6,36.48,AC,DESMATAMENTO_CR,342
2017/2018,6,111.88,MT,DESMATAMENTO_CR,341
2015/2016,1,10.82,RR,DESMATAMENTO_CR,77
2024/2025,8,30.96,AC,DESMATAMENTO_CR,305
2021/2022,10,4.28,MA,DESMATAMENTO_CR,28
2019/2020,5,0.75,TO,DESMATAMENTO_CR,3
2016/2017,7,7.28,MA,DESMATAMENTO_CR,34
2019/2020,5,0.82,RR,DESMATAMENTO_CR,8
2021/2022,10,1.62,AP,DESMATAMENTO_CR,15
2024/2025,4,6.46,AC,DESMATAMENTO_CR,35
2023/2024,1,8.63,AM,DESMATAMENTO_CR,61
2021/2022,10,113.19,AM,DESMATAMENTO_CR,472
2024/2025,10,0.08,TO,DESMATAMENTO_CR,2
2018/2019,11,5.32,RR,DESMATAMENTO_CR,17
2023/2024,5,4.15,AC,DESMATAMENTO_CR,30
2018/2019,9,230.69,RO,DESMATAMENTO_CR,1159
2021/2022,10,39.58,AC,DESMATAMENTO_CR,381
2019/2020,5,102.33,RO,DESMATAMENTO_CR,397
2017/2018,3,55.95,PA,DESMATAMENTO_CR,327
2016/2017,7,78.9,AM,DESMATAMENTO_CR,261
2021/2022,9,0.19,TO,DESMATAMENTO_CR,2
2023/2024,1,0.26,AP,DESMATAMENTO_CR,2
2015/2016,5,82.49,AM,DESMATAMENTO_CR,241
2021/2022,9,17.61,RR,DESMATAMENTO_CR,104
2019/2020,9,32.24,RR,DESMATAMENTO_CR,156
2023/2024,1,1.65,MA,DESMATAMENTO_CR,12
2021/2022,9,209.19,RO,DESMATAMENTO_CR,1070
2016/2017,10,3.97,TO,DESMATAMENTO_CR,23
2024/2025,6,0.11,AP,DESMATAMENTO_CR,1
2018/2019,4,70.65,MT,DESMATAMENTO_CR,201
2016/2017,7,7.48,AC,DESMATAMENTO_CR,53
2019/2020,5,328.85,PA,DESMATAMENTO_CR,673
2015/2016,6,126.16,RO,DESMATAMENTO_CR,587
2021/2022,9,324.07,PA,DESMATAMENTO_CR,1839
2024/2025,9,20.57,RR,DESMATAMENTO_CR,113
2016/2017,9,2.52,AP,DESMATAMENTO_CR,10
2018/2019,11,13.22,RO,DESMATAMENTO_CR,107
2016/2017,6,3.57,TO,DESMATAMENTO_CR,17
2023/2024,5,107.09,AM,DESMATAMENTO_CR,348
2021/2022,9,118.57,MT,DESMATAMENTO_CR,453
2024/2025,11,0.31,AP,DESMATAMENTO_CR,3
2019/2020,5,170.6,MT,DESMATAMENTO_CR,486
2018/2019,5,167.28,AM,DESMATAMENTO_CR,309
2023/2024,1,29.83,MT,DESMATAMENTO_CR,68
2021/2022,9,9.65,MA,DESMATAMENTO_CR,54
2016/2017,6,110.74,RO,DESMATAMENTO_CR,441
2024/2025,4,110.29,AM,DESMATAMENTO_CR,204
2021/2022,9,0.59,AP,DESMATAMENTO_CR,7
2019/2020,9,271.67,RO,DESMATAMENTO_CR,1429
2018/2019,6,0.3,TO,DESMATAMENTO_CR,3
2021/2022,9,227.01,AM,DESMATAMENTO_CR,1131
2016/2017,10,15.69,RR,DESMATAMENTO_CR,81
2015/2016,8,133.48,MT,DESMATAMENTO_CR,574
2019/2020,5,7.88,MA,DESMATAMENTO_CR,37
2015/2016,6,166.91,MT,DESMATAMENTO_CR,502
2021/2022,9,70.17,AC,DESMATAMENTO_CR,641
2018/2019,8,5.97,RR,DESMATAMENTO_CR,42
2015/2016,1,71.51,RO,DESMATAMENTO_CR,516
2024/2025,10,35.56,RO,DESMATAMENTO_CR,217
2021/2022,8,0.58,TO,DESMATAMENTO_CR,5
2021/2022,8,4.43,RR,DESMATAMENTO_CR,28
2019/2020,5,0.43,AP,DESMATAMENTO_CR,4
2018/2019,11,211.92,PA,DESMATAMENTO_CR,1330
2024/2025,6,4.04,MA,DESMATAMENTO_CR,12
2021/2022,8,121.9,RO,DESMATAMENTO_CR,710
2023/2024,5,6.91,MA,DESMATAMENTO_CR,42
2019/2020,5,180.38,AM,DESMATAMENTO_CR,494
2016/2017,6,82.95,PA,DESMATAMENTO_CR,303
2023/2024,6,14.91,RR,DESMATAMENTO_CR,84
2025/2026,8,3.97,MA,DESMATAMENTO_CR,19
2023/2024,1,31.35,PA,DESMATAMENTO_CR,211
2021/2022,8,393.18,PA,DESMATAMENTO_CR,2086
2018/2019,6,7.86,RR,DESMATAMENTO_CR,29
2019/2020,5,10.6,AC,DESMATAMENTO_CR,68
2015/2016,7,26.82,MA,DESMATAMENTO_CR,101
2017/2018,6,83.17,AM,DESMATAMENTO_CR,306
2025/2026,9,4.8,MA,DESMATAMENTO_CR,35
2021/2022,8,99.74,MT,DESMATAMENTO_CR,417
2017/2018,4,9.31,RR,DESMATAMENTO_CR,42
2024/2025,9,70.14,AM,DESMATAMENTO_CR,367
2024/2025,11,2.04,RO,DESMATAMENTO_CR,11
2016/2017,6,109.98,MT,DESMATAMENTO_CR,350
2021/2022,8,7.77,MA,DESMATAMENTO_CR,44
2019/2020,4,0.16,TO,DESMATAMENTO_CR,1
2024/2025,4,0.19,MA,DESMATAMENTO_CR,1
2021/2022,8,198.32,AM,DESMATAMENTO_CR,1157
2019/2020,4,6.85,RR,DESMATAMENTO_CR,45
2016/2017,10,168.7,RO,DESMATAMENTO_CR,889
2018/2019,11,10.85,MT,DESMATAMENTO_CR,55
2017/2018,3,32.31,RO,DESMATAMENTO_CR,146
2021/2022,8,81.11,AC,DESMATAMENTO_CR,782
2019/2020,9,494.77,PA,DESMATAMENTO_CR,2448
2015/2016,1,95.27,PA,DESMATAMENTO_CR,644
2019/2020,4,103.45,RO,DESMATAMENTO_CR,407
2020/2021,7,0.87,TO,DESMATAMENTO_CR,8
2020/2021,7,1.29,RR,DESMATAMENTO_CR,8
2018/2019,8,76.78,AC,DESMATAMENTO_CR,874
2023/2024,1,5.88,RO,DESMATAMENTO_CR,37
2015/2016,5,6.75,MA,DESMATAMENTO_CR,17
2020/2021,7,247.24,RO,DESMATAMENTO_CR,1565
2017/2018,6,48.25,RO,DESMATAMENTO_CR,172
2016/2017,6,10.93,MA,DESMATAMENTO_CR,49
2023/2024,6,0.71,TO,DESMATAMENTO_CR,6
2016/2017,9,114.77,AM,DESMATAMENTO_CR,477
2019/2020,4,57.19,PA,DESMATAMENTO_CR,171
2020/2021,7,480.75,PA,DESMATAMENTO_CR,2493
2015/2016,5,82.06,RO,DESMATAMENTO_CR,405
2017/2018,6,0.73,TO,DESMATAMENTO_CR,8
2023/2024,1,31.77,RR,DESMATAMENTO_CR,205
2024/2025,10,69.77,MT,DESMATAMENTO_CR,186
2015/2016,12,6.12,AC,DESMATAMENTO_CR,59
2023/2024,1,0.1,TO,DESMATAMENTO_CR,1
2020/2021,7,137.37,MT,DESMATAMENTO_CR,666
2019/2020,9,344.62,MT,DESMATAMENTO_CR,988
2018/2019,11,12.89,MA,DESMATAMENTO_CR,74
2016/2017,6,182.15,AM,DESMATAMENTO_CR,493
2016/2017,8,8.89,MA,DESMATAMENTO_CR,12
2019/2020,4,142.35,MT,DESMATAMENTO_CR,367
2023/2024,2,1.24,AC,DESMATAMENTO_CR,11
2020/2021,7,21.1,MA,DESMATAMENTO_CR,97
2017/2018,3,71.22,RR,DESMATAMENTO_CR,381
2024/2025,4,94.15,MT,DESMATAMENTO_CR,147
2018/2019,8,98.76,RO,DESMATAMENTO_CR,652
2020/2021,7,429.62,AM,DESMATAMENTO_CR,2261
2017/2018,5,0.59,RR,DESMATAMENTO_CR,4
2017/2018,7,219.65,PA,DESMATAMENTO_CR,868
2015/2016,1,9.53,MT,DESMATAMENTO_CR,40
2015/2016,11,40.73,AM,DESMATAMENTO_CR,185
2023/2024,2,31.9,AM,DESMATAMENTO_CR,106
2020/2021,7,150.37,AC,DESMATAMENTO_CR,1483
2023/2024,5,112.61,MT,DESMATAMENTO_CR,416
2016/2017,6,3.93,AC,DESMATAMENTO_CR,26
2020/2021,6,0.68,TO,DESMATAMENTO_CR,5
2019/2020,4,1.84,MA,DESMATAMENTO_CR,10
2020/2021,6,2.22,RR,DESMATAMENTO_CR,18
2016/2017,10,180.53,PA,DESMATAMENTO_CR,1019
2023/2024,2,0.5,AP,DESMATAMENTO_CR,3
2020/2021,6,163.46,RO,DESMATAMENTO_CR,869
2019/2020,9,5.05,MA,DESMATAMENTO_CR,33
2018/2019,11,15.86,AM,DESMATAMENTO_CR,80
2016/2017,5,1.21,TO,DESMATAMENTO_CR,5
2018/2019,9,103.32,PA,DESMATAMENTO_CR,486
2018/2019,6,84.25,RO,DESMATAMENTO_CR,325
2024/2025,11,124.78,PA,DESMATAMENTO_CR,805
2020/2021,6,402.07,PA,DESMATAMENTO_CR,1916
2019/2020,4,77.27,AM,DESMATAMENTO_CR,165
2019/2020,9,2.38,AP,DESMATAMENTO_CR,15
2017/2018,4,0.75,TO,DESMATAMENTO_CR,3
2016/2017,5,64.64,RO,DESMATAMENTO_CR,236
2024/2025,4,37.93,PA,DESMATAMENTO_CR,122
2019/2020,4,3.75,AC,DESMATAMENTO_CR,29
2020/2021,6,171.21,MT,DESMATAMENTO_CR,602
2017/2018,6,14.05,AC,DESMATAMENTO_CR,84
2019/2020,3,0.13,TO,DESMATAMENTO_CR,1
2019/2020,3,31.71,RR,DESMATAMENTO_CR,195
2018/2019,8,9.01,MA,DESMATAMENTO_CR,65
2020/2021,6,9.48,MA,DESMATAMENTO_CR,34
2023/2024,2,5.01,MA,DESMATAMENTO_CR,18
2017/2018,3,0.14,TO,DESMATAMENTO_CR,1
2020/2021,6,0.16,AP,DESMATAMENTO_CR,1
2019/2020,9,174.47,AM,DESMATAMENTO_CR,945
2018/2019,11,1.3,AC,DESMATAMENTO_CR,18
2020/2021,6,213.71,AM,DESMATAMENTO_CR,991
2015/2016,9,12.07,RR,DESMATAMENTO_CR,99
2016/2017,5,33.47,PA,DESMATAMENTO_CR,95
2019/2020,3,22.82,RO,DESMATAMENTO_CR,114
2018/2019,5,7.6,AC,DESMATAMENTO_CR,39
2020/2021,6,43.5,AC,DESMATAMENTO_CR,371
2015/2016,10,155.65,RO,DESMATAMENTO_CR,820
2015/2016,1,1.32,MA,DESMATAMENTO_CR,6
2020/2021,5,0.98,TO,DESMATAMENTO_CR,7
2016/2017,9,47.44,AC,DESMATAMENTO_CR,376
2020/2021,5,0.64,RR,DESMATAMENTO_CR,4
2023/2024,5,109.42,PA,DESMATAMENTO_CR,507
2023/2024,2,64.09,MT,DESMATAMENTO_CR,182
2020/2021,5,199.9,RO,DESMATAMENTO_CR,888
2019/2020,3,119.34,PA,DESMATAMENTO_CR,206
2015/2016,10,144.36,PA,DESMATAMENTO_CR,833
2019/2020,3,68.16,MT,DESMATAMENTO_CR,154
2019/2020,9,110.55,AC,DESMATAMENTO_CR,1040
2024/2025,4,9.27,RO,DESMATAMENTO_CR,39
2017/2018,4,1.19,AC,DESMATAMENTO_CR,9
2020/2021,5,450.93,PA,DESMATAMENTO_CR,1309
2015/2016,11,8.66,RR,DESMATAMENTO_CR,66
2016/2017,5,163.41,MT,DESMATAMENTO_CR,376
2024/2025,6,99.85,MT,DESMATAMENTO_CR,213
2018/2019,10,0.45,TO,DESMATAMENTO_CR,2
2019/2020,3,0.75,MA,DESMATAMENTO_CR,3
2020/2021,5,265.57,MT,DESMATAMENTO_CR,738
2024/2025,11,5.93,AM,DESMATAMENTO_CR,29
2018/2019,6,409.89,PA,DESMATAMENTO_CR,1064
2018/2019,10,15.66,RR,DESMATAMENTO_CR,91
2015/2016,9,22.31,AC,DESMATAMENTO_CR,227
2019/2020,3,71.17,AM,DESMATAMENTO_CR,143
2023/2024,2,50.87,PA,DESMATAMENTO_CR,335
2020/2021,5,10.9,MA,DESMATAMENTO_CR,60
2025/2026,8,69.2,AM,DESMATAMENTO_CR,380
2025/2026,9,96.41,PA,DESMATAMENTO_CR,583
2020/2021,5,0.27,AP,DESMATAMENTO_CR,1
2017/2018,5,4.12,AC,DESMATAMENTO_CR,23
2019/2020,3,3.71,AC,DESMATAMENTO_CR,25
2020/2021,5,342.74,AM,DESMATAMENTO_CR,1100
2018/2019,4,0.41,TO,DESMATAMENTO_CR,1
2016/2017,5,5.73,MA,DESMATAMENTO_CR,23
2016/2017,10,160.34,MT,DESMATAMENTO_CR,714
2019/2020,2,15.58,RR,DESMATAMENTO_CR,53
2020/2021,5,30.95,AC,DESMATAMENTO_CR,217
2019/2020,8,2.53,TO,DESMATAMENTO_CR,18
2020/2021,4,0.49,TO,DESMATAMENTO_CR,3
2024/2025,10,53.85,AC,DESMATAMENTO_CR,512
2024/2025,4,4.55,RR,DESMATAMENTO_CR,20
2020/2021,4,19.59,RR,DESMATAMENTO_CR,132
2016/2017,8,6.91,TO,DESMATAMENTO_CR,10
2023/2024,2,10.48,RO,DESMATAMENTO_CR,67
2020/2021,4,50.25,RO,DESMATAMENTO_CR,210
2015/2016,6,4.21,RR,DESMATAMENTO_CR,29
2019/2020,2,22.76,RO,DESMATAMENTO_CR,118
2024/2025,9,14.95,MA,DESMATAMENTO_CR,93
2023/2024,7,71.01,AC,DESMATAMENTO_CR,761
2020/2021,4,193.7,PA,DESMATAMENTO_CR,458
2019/2020,8,35.39,RR,DESMATAMENTO_CR,153
2018/2019,4,59.06,RR,DESMATAMENTO_CR,325
2023/2024,2,50.24,RR,DESMATAMENTO_CR,296
2016/2017,5,71.9,AM,DESMATAMENTO_CR,170
2016/2017,8,2.51,AP,DESMATAMENTO_CR,7
2017/2018,4,84.1,AM,DESMATAMENTO_CR,185
2020/2021,4,116.95,MT,DESMATAMENTO_CR,274
2019/2020,2,46.55,PA,DESMATAMENTO_CR,121
2018/2019,10,69.3,RO,DESMATAMENTO_CR,413
2015/2016,11,11.52,AC,DESMATAMENTO_CR,108
2015/2016,1,22.05,AM,DESMATAMENTO_CR,136
2020/2021,4,4.34,MA,DESMATAMENTO_CR,21
2024/2025,5,6.82,AC,DESMATAMENTO_CR,45
2020/2021,4,173.47,AM,DESMATAMENTO_CR,336
2017/2018,6,1.31,RR,DESMATAMENTO_CR,5
2020/2021,4,2.62,AC,DESMATAMENTO_CR,12
2020/2021,3,0.13,TO,DESMATAMENTO_CR,1
2023/2024,2,0.43,TO,DESMATAMENTO_CR,2
2020/2021,3,26.55,RR,DESMATAMENTO_CR,149
2023/2024,5,30.57,RO,DESMATAMENTO_CR,215
2020/2021,3,27.72,RO,DESMATAMENTO_CR,134
2024/2025,6,74.58,PA,DESMATAMENTO_CR,310
2019/2020,2,74.46,MT,DESMATAMENTO_CR,141
2015/2016,7,27.12,AC,DESMATAMENTO_CR,223